timestamp,action,token,pairAddress,price,amount,pnl,reason,txid,success
2025-07-05T17:13:03.805Z,BUY,MOCK2,63LPmPPkMEEbH97S9MG5iGm4i5DgxQ9UhGrRhRPLEN3v,0.000058495553046035205,50,0,entry,,true
2025-07-05T17:13:03.817Z,SELL,MOCK2,63LPmPPkMEEbH97S9MG5iGm4i5DgxQ9UhGrRhRPLEN3v,0.000041102,50,-14.867414820701597,stop_loss,,true
2025-07-05T17:13:23.810Z,BUY,MOCK2,nEqPMP8RDt3EtpHwa7Xwh7eXjcuHESEhg6NniJN6Jom,0.00005889493295641514,50,0,entry,,true
2025-07-05T17:13:23.819Z,SELL,MOCK2,nEqPMP8RDt3EtpHwa7Xwh7eXjcuHESEhg6NniJN6Jom,0.000041102,50,-15.105656856407917,stop_loss,,true
2025-07-05T17:13:53.807Z,BUY,MOCK1,HtjambtcghqezuW6BpMhLSZG3CfwX8cabmA5qoz2YKVw,0.00001236367520014558,50,0,entry,,true
2025-07-05T17:13:53.821Z,SELL,MOCK1,HtjambtcghqezuW6BpMhLSZG3CfwX8cabmA5qoz2YKVw,0.0000011059999999999992,50,-45.52721993219712,stop_loss,,true
2025-07-05T17:14:23.809Z,BUY,MOCK1,Du13JPqWT3w3kgth2tq56RLUK6sus2sjALY9R6maiKiB,0.000012449932304929959,50,0,entry,,true
2025-07-05T17:14:23.824Z,SELL,MOCK1,Du13JPqWT3w3kgth2tq56RLUK6sus2sjALY9R6maiKiB,0.0000011059999999999992,50,-45.55820878013111,stop_loss,,true
2025-07-05T17:14:53.811Z,BUY,MOCK1,FFW27PLKYyobXeJSV1GUuUGatjgtgKMe7Qb4xejcopvq,0.000012395519565045356,50,0,entry,,true
2025-07-05T17:14:53.827Z,SELL,MOCK1,FFW27PLKYyobXeJSV1GUuUGatjgtgKMe7Qb4xejcopvq,0.0000011059999999999992,50,-45.53871060347138,stop_loss,,true
2025-07-05T17:15:03.813Z,BUY,MOCK2,FR7XY7WnZtoiMZsbgJ9jTs9TzPSeQD7kouQLJ3jVWJvZ,0.00005821916956022003,50,0,entry,,true
2025-07-05T17:15:03.828Z,SELL,MOCK2,FR7XY7WnZtoiMZsbgJ9jTs9TzPSeQD7kouQLJ3jVWJvZ,0.000041102,50,-14.700630127087765,stop_loss,,true
2025-07-05T17:15:23.816Z,BUY,MOCK2,82rvHpoRjxHy3kFjEHhh2X92ut44drfK8oNHfQNeG7sj,0.000056920726191892736,50,0,entry,,true
2025-07-05T17:15:23.829Z,SELL,MOCK2,82rvHpoRjxHy3kFjEHhh2X92ut44drfK8oNHfQNeG7sj,0.000041102,50,-13.895400893660602,stop_loss,,true
2025-07-05T17:15:43.821Z,BUY,MOCK2,RRatPWJA2HXvM6qkXXLqtXmjqAMgnU587K1bAsCvXSB,0.000057592066926144965,50,0,entry,,true
2025-07-05T17:15:43.830Z,SELL,MOCK2,RRatPWJA2HXvM6qkXXLqtXmjqAMgnU587K1bAsCvXSB,0.000041102,50,-14.316265942748268,stop_loss,,true
2025-07-05T17:16:03.822Z,BUY,MOCK2,CB4kqaWFayeo9bPsRH1nKYvQ29ABKD4S1tSAEwzu5zsw,0.00005761246620541792,50,0,entry,,true
2025-07-05T17:16:03.833Z,SELL,MOCK2,CB4kqaWFayeo9bPsRH1nKYvQ29ABKD4S1tSAEwzu5zsw,0.000041102,50,-14.328900750880601,stop_loss,,true
2025-07-05T17:16:53.825Z,BUY,MOCK1,F6z55WRqkV3DA7iBdVCNpMc7bDnC4MDrYzd7PHP23NRE,0.000012720004533263064,50,0,entry,,true
2025-07-05T17:16:53.828Z,BUY,MOCK2,HrLKCZumnamCJKnk7EhFqKGBD56QqjcDBcn9oAorwsEm,0.000059238212718289236,50,0,entry,,true
2025-07-05T17:16:53.837Z,SELL,MOCK1,F6z55WRqkV3DA7iBdVCNpMc7bDnC4MDrYzd7PHP23NRE,0.0000011059999999999992,50,-45.65251727266375,stop_loss,,true
2025-07-05T17:16:53.838Z,SELL,MOCK2,HrLKCZumnamCJKnk7EhFqKGBD56QqjcDBcn9oAorwsEm,0.000041102,50,-15.30786622862598,stop_loss,,true
2025-07-05T17:17:03.827Z,BUY,MOCK1,6oqdbj3RWoy7sZtzuQkEoV5NE9LCJDadCYXg1kEgt3Do,0.000012550752399959978,50,0,entry,,true
2025-07-05T17:17:03.837Z,SELL,MOCK1,6oqdbj3RWoy7sZtzuQkEoV5NE9LCJDadCYXg1kEgt3Do,0.0000011059999999999992,50,-45.59388965396399,stop_loss,,true
2025-07-05T17:17:13.827Z,BUY,MOCK1,56xEcFfMu6cDDVJns8oybKtDA9UV5JYDbqpucJ9tzpzJ,0.000012813854274875732,50,0,entry,,true
2025-07-05T17:17:13.839Z,SELL,MOCK1,56xEcFfMu6cDDVJns8oybKtDA9UV5JYDbqpucJ9tzpzJ,0.0000011059999999999992,50,-45.684358600173304,stop_loss,,true
2025-07-05T17:17:23.827Z,BUY,MOCK1,HXcWcjsDirkLtRApdyADUBcK8GRVsY7e8YHq9PhwXsdG,0.000012464797788652395,50,0,entry,,true
2025-07-05T17:17:23.828Z,BUY,MOCK2,9uHq59VTF6hNuAb72hFLYdgUL7aD949isJD3yA52w4PH,0.00005952759223512173,50,0,entry,,true
2025-07-05T17:17:23.839Z,SELL,MOCK1,HXcWcjsDirkLtRApdyADUBcK8GRVsY7e8YHq9PhwXsdG,0.0000011059999999999992,50,-45.56350604818126,stop_loss,,true
2025-07-05T17:17:23.840Z,SELL,MOCK2,9uHq59VTF6hNuAb72hFLYdgUL7aD949isJD3yA52w4PH,0.000041102,50,-15.476513952004336,stop_loss,,true
2025-07-05T17:17:53.831Z,BUY,MOCK1,RG1mCQP2jgNztxB9JVbr7nMHdnEmULXoHbacSmbVgfi,0.000012936537908500715,50,0,entry,,true
2025-07-05T17:17:53.841Z,SELL,MOCK1,RG1mCQP2jgNztxB9JVbr7nMHdnEmULXoHbacSmbVgfi,0.0000011059999999999992,50,-45.72528597750548,stop_loss,,true
2025-07-05T17:18:03.833Z,BUY,MOCK1,HD46rrEABZQhTSsfG8req5zk74FUnmyeY9q8aNCHRUck,0.000012622363320033264,50,0,entry,,true
2025-07-05T17:18:03.842Z,SELL,MOCK1,HD46rrEABZQhTSsfG8req5zk74FUnmyeY9q8aNCHRUck,0.0000011059999999999992,50,-45.61888700254476,stop_loss,,true
2025-07-05T17:18:23.837Z,BUY,MOCK2,2FZfJkPC6AhCGmpqtyTvStFdMA8q4hT3GykKebzqBMmG,0.0000577641282956148,50,0,entry,,true
2025-07-05T17:18:23.843Z,SELL,MOCK2,2FZfJkPC6AhCGmpqtyTvStFdMA8q4hT3GykKebzqBMmG,0.000041102,50,-14.422556686343793,stop_loss,,true
2025-07-05T17:18:43.841Z,BUY,MOCK1,ELFxc58uyP9Gt6wdtgSTSkCgGbiK3k7sACfLGWodGcNE,0.000012484895174494299,50,0,entry,,true
2025-07-05T17:18:43.844Z,SELL,MOCK1,ELFxc58uyP9Gt6wdtgSTSkCgGbiK3k7sACfLGWodGcNE,0.0000011059999999999992,50,-45.57064763243077,stop_loss,,true
2025-07-05T17:18:53.838Z,BUY,MOCK2,E1QaWKNxd6QkqSVCHijSSDVKg57zXHP563Se3zP73Quh,0.00005884179345392126,50,0,entry,,true
2025-07-05T17:18:53.845Z,SELL,MOCK2,E1QaWKNxd6QkqSVCHijSSDVKg57zXHP563Se3zP73Quh,0.000041102,50,-15.074144084181604,stop_loss,,true
2025-07-05T17:19:13.840Z,BUY,MOCK2,41wQV9oUTVSJ9CZEwPNrY9S4KJPsY3mivH2m52DAWuse,0.000057316857934695405,50,0,entry,,true
2025-07-05T17:19:13.846Z,SELL,MOCK2,41wQV9oUTVSJ9CZEwPNrY9S4KJPsY3mivH2m52DAWuse,0.000041102,50,-14.144929187473938,stop_loss,,true
2025-07-05T17:19:23.843Z,BUY,MOCK1,4oSumCAhgm2ch6jEeim8XUAVcZAsqu5EkCsi4Qr9QjGq,0.000012512384788513445,50,0,entry,,true
2025-07-05T17:19:23.845Z,BUY,MOCK2,GYNazYFHeD2vp7DhQwvrC1tSv4MvxTAWL4DacGAvk5BV,0.00005944535862962809,50,0,entry,,true
2025-07-05T17:19:23.850Z,SELL,MOCK1,4oSumCAhgm2ch6jEeim8XUAVcZAsqu5EkCsi4Qr9QjGq,0.0000011059999999999992,50,-45.58037888582469,stop_loss,,true
2025-07-05T17:19:23.853Z,SELL,MOCK2,GYNazYFHeD2vp7DhQwvrC1tSv4MvxTAWL4DacGAvk5BV,0.000041102,50,-15.428755963872339,stop_loss,,true
2025-07-05T17:19:43.844Z,BUY,MOCK1,DHGkA9ps7o1aszj68no7EcFBJkDVKh5y6AfD6QGFEsT2,0.000012632172976323464,50,0,entry,,true
2025-07-05T17:19:43.852Z,SELL,MOCK1,DHGkA9ps7o1aszj68no7EcFBJkDVKh5y6AfD6QGFEsT2,0.0000011059999999999992,50,-45.62228920521838,stop_loss,,true
2025-07-05T17:20:23.869Z,BUY,MOCK1,83991p4RCobvHi7WDvymXeDUdRcQ9pcuJaFLihAgTQFj,0.000012939728575653495,50,0,entry,,true
2025-07-05T17:20:23.872Z,SELL,MOCK1,83991p4RCobvHi7WDvymXeDUdRcQ9pcuJaFLihAgTQFj,0.0000011059999999999992,50,-45.72634003281579,stop_loss,,true
2025-07-05T17:20:33.870Z,BUY,MOCK1,nFDMiWCVFJQyjFfrLDxHFxVhXTMpJTba8yJjvv5mroj,0.000012773622610127814,50,0,entry,,true
2025-07-05T17:20:33.872Z,SELL,MOCK1,nFDMiWCVFJQyjFfrLDxHFxVhXTMpJTba8yJjvv5mroj,0.0000011059999999999992,50,-45.67076610231507,stop_loss,,true
2025-07-05T17:20:43.871Z,BUY,MOCK2,9364Fxtxc4GkwJfMaDhoGfTpSXQmS9DAPhGpfAtuMyMw,0.000056969915258840955,50,0,entry,,true
2025-07-05T17:20:43.873Z,SELL,MOCK2,9364Fxtxc4GkwJfMaDhoGfTpSXQmS9DAPhGpfAtuMyMw,0.000041102,50,-13.92657439171675,stop_loss,,true
2025-07-05T17:20:53.872Z,BUY,MOCK1,9Pk3vuYnt1spVEP3kMyQLc9WoRTf8LwqN6zJEBYcY2D,0.000012583301989356186,50,0,entry,,true
2025-07-05T17:20:53.874Z,SELL,MOCK1,9Pk3vuYnt1spVEP3kMyQLc9WoRTf8LwqN6zJEBYcY2D,0.0000011059999999999992,50,-45.60528706640145,stop_loss,,true
2025-07-05T17:21:33.878Z,BUY,MOCK1,H1GPBsuuwEwiGGXtXBX1XhyTiWPw1Zr3BFHwgvuYiRzm,0.000012530016228961787,50,0,entry,,true
2025-07-05T17:21:33.880Z,SELL,MOCK1,H1GPBsuuwEwiGGXtXBX1XhyTiWPw1Zr3BFHwgvuYiRzm,0.0000011059999999999992,50,-45.58659789504662,stop_loss,,true
2025-07-05T17:21:43.878Z,BUY,MOCK1,E158Ytqi3vX7mm2VYJDVVcLWj6PYUVesUSqFHfHuMVji,0.000012928341783032735,50,0,entry,,true
2025-07-05T17:21:43.879Z,BUY,MOCK2,8Myft8qb2a3wtYoqqR6XN2Qh8X5HtCSHCbsiT9yyAFYh,0.00005727897750387795,50,0,entry,,true
2025-07-05T17:21:43.880Z,SELL,MOCK1,E158Ytqi3vX7mm2VYJDVVcLWj6PYUVesUSqFHfHuMVji,0.0000011059999999999992,50,-45.72257595536527,stop_loss,,true
2025-07-05T17:21:43.881Z,SELL,MOCK2,8Myft8qb2a3wtYoqqR6XN2Qh8X5HtCSHCbsiT9yyAFYh,0.000041102,50,-14.121217075481768,stop_loss,,true
2025-07-05T17:21:53.878Z,BUY,MOCK2,7sLMNjpmz1h8FcQaFeRK3oZBnBX4BxiZ5vNVbHTNqazy,0.00005741285419348195,50,0,entry,,true
2025-07-05T17:21:53.881Z,SELL,MOCK2,7sLMNjpmz1h8FcQaFeRK3oZBnBX4BxiZ5vNVbHTNqazy,0.000041102,50,-14.20488009402406,stop_loss,,true
2025-07-05T17:22:53.886Z,BUY,MOCK2,8sCERuL67B9XuMY58HWnEeyfGNB4UmmfbrgTFH2L9sLM,0.000057249517500337416,50,0,entry,,true
2025-07-05T17:22:53.894Z,SELL,MOCK2,8sCERuL67B9XuMY58HWnEeyfGNB4UmmfbrgTFH2L9sLM,0.000041102,50,-14.102754228664237,stop_loss,,true
2025-07-05T17:23:03.885Z,BUY,MOCK2,8keTFyqp1cLr9qbEm7zwiBA3Z6yCELcRa8ssdLjQdfTA,0.00005930577013042794,50,0,entry,,true
2025-07-05T17:23:03.895Z,SELL,MOCK2,8keTFyqp1cLr9qbEm7zwiBA3Z6yCELcRa8ssdLjQdfTA,0.000041102,50,-15.347385330629194,stop_loss,,true
2025-07-05T17:23:23.888Z,BUY,MOCK1,7Yg676Uhk6SF8EBPDJkHpkr7r5WmnpeTsjqB2rVCDu59,0.000012855944836627902,50,0,entry,,true
2025-07-05T17:23:23.896Z,SELL,MOCK1,7Yg676Uhk6SF8EBPDJkHpkr7r5WmnpeTsjqB2rVCDu59,0.0000011059999999999992,50,-45.69848807670327,stop_loss,,true
2025-07-05T17:23:53.876Z,BUY,MOCK1,J4hLPGtjdMts8mqfEzFFcKmAGeYeGgcbRSft2fpSaAqt,0.000012812359790807199,50,0,entry,,true
2025-07-05T17:23:53.876Z,BUY,MOCK2,3Hdj1ey2R4KZ8fETBqYMR1rsZQX7rxWrLUut3gu5P8y7,0.00005807189410078646,50,0,entry,,true
2025-07-05T17:23:53.882Z,SELL,MOCK1,J4hLPGtjdMts8mqfEzFFcKmAGeYeGgcbRSft2fpSaAqt,0.0000011059999999999992,50,-45.68385520677639,stop_loss,,true
2025-07-05T17:23:53.883Z,SELL,MOCK2,3Hdj1ey2R4KZ8fETBqYMR1rsZQX7rxWrLUut3gu5P8y7,0.000041102,50,-14.61110780314348,stop_loss,,true
2025-07-05T17:24:03.864Z,BUY,MOCK1,6HyzHULET3ZgRZYhgH6oCWtehqZcz4u6hjvL2CWUBXwp,0.000012524737071487582,50,0,entry,,true
2025-07-05T17:24:03.871Z,SELL,MOCK1,6HyzHULET3ZgRZYhgH6oCWtehqZcz4u6hjvL2CWUBXwp,0.0000011059999999999992,50,-45.58473765282548,stop_loss,,true
2025-07-05T17:24:33.856Z,BUY,MOCK1,C8Wons9sJ4GBACmxkqudwbiQYihTQKQYRae9x2s7Heva,0.000012907550600687853,50,0,entry,,true
2025-07-05T17:24:33.858Z,BUY,MOCK2,FEFRUrynG7yZKGBfHKMeZXAeubwBDrC3qgi9c6x2tcv,0.00005815125175448327,50,0,entry,,true
2025-07-05T17:24:33.859Z,SELL,MOCK1,C8Wons9sJ4GBACmxkqudwbiQYihTQKQYRae9x2s7Heva,0.0000011059999999999992,50,-45.71568598018489,stop_loss,,true
2025-07-05T17:24:33.859Z,SELL,MOCK2,FEFRUrynG7yZKGBfHKMeZXAeubwBDrC3qgi9c6x2tcv,0.000041102,50,-14.6594021969345,stop_loss,,true
2025-07-05T17:24:53.856Z,BUY,MOCK1,JAhrp8k9zxr15Bbdb4rKBbXnqN7SJs16an91fS48Vood,0.000012755430536030559,50,0,entry,,true
2025-07-05T17:24:53.858Z,SELL,MOCK1,JAhrp8k9zxr15Bbdb4rKBbXnqN7SJs16an91fS48Vood,0.0000011059999999999992,50,-45.664591654214036,stop_loss,,true
2025-07-05T17:25:23.859Z,BUY,MOCK2,BvgsaU8WgJta8opjm2BDsTpBMVHpYSPhfuRaoM3AT7gm,0.000056826223426277263,50,0,entry,,true
2025-07-05T17:25:23.860Z,SELL,MOCK2,BvgsaU8WgJta8opjm2BDsTpBMVHpYSPhfuRaoM3AT7gm,0.000041102,50,-13.835358464984807,stop_loss,,true
2025-07-05T17:25:33.860Z,BUY,MOCK1,J91mwrLtQ9FAnnP59SuTJjLDztccyfjFCK4cnqt2bzWc,0.000012612641207866651,50,0,entry,,true
2025-07-05T17:25:33.861Z,SELL,MOCK1,J91mwrLtQ9FAnnP59SuTJjLDztccyfjFCK4cnqt2bzWc,0.0000011059999999999992,50,-45.61550994049456,stop_loss,,true
2025-07-05T17:26:03.863Z,BUY,MOCK1,H1wADDJyvyDCaR5HTQ4gdVzTUVNP4tvaJqbpXgF7eFZo,0.000012451951223681694,50,0,entry,,true
2025-07-05T17:26:03.865Z,SELL,MOCK1,H1wADDJyvyDCaR5HTQ4gdVzTUVNP4tvaJqbpXgF7eFZo,0.0000011059999999999992,50,-45.55892895766987,stop_loss,,true
2025-07-05T17:26:23.865Z,BUY,MOCK2,BMPFuMfUcSyiBTNibEWJPnVbxRXtQWJNSwGsm3kXJAJ7,0.0000578640596646588,50,0,entry,,true
2025-07-05T17:26:23.866Z,SELL,MOCK2,BMPFuMfUcSyiBTNibEWJPnVbxRXtQWJNSwGsm3kXJAJ7,0.000041102,50,-14.483999015797053,stop_loss,,true
2025-07-05T17:27:03.869Z,BUY,MOCK2,CRpqjEA1FtU6QfEvo5X8ovbzU3H7d6hwMTmi78igq5xc,0.00005814401316950487,50,0,entry,,true
2025-07-05T17:27:03.870Z,SELL,MOCK2,CRpqjEA1FtU6QfEvo5X8ovbzU3H7d6hwMTmi78igq5xc,0.000041102,50,-14.655002501997053,stop_loss,,true
2025-07-05T17:27:23.870Z,BUY,MOCK2,DDjkkyHfSWZo5HYdasCGAE8g9RfheCpU3jdzD2LexcAf,0.000059301986579801795,50,0,entry,,true
2025-07-05T17:27:23.872Z,SELL,MOCK2,DDjkkyHfSWZo5HYdasCGAE8g9RfheCpU3jdzD2LexcAf,0.000041102,50,-15.345174444797347,stop_loss,,true
2025-07-05T17:27:33.871Z,BUY,MOCK2,4JT5h7i43BE4oidmaRuBHPxhMXG3SkwGdNxpLfaM49WJ,0.000057831666210970236,50,0,entry,,true
2025-07-05T17:27:33.873Z,SELL,MOCK2,4JT5h7i43BE4oidmaRuBHPxhMXG3SkwGdNxpLfaM49WJ,0.000041102,50,-14.464105313808806,stop_loss,,true
2025-07-05T17:27:43.872Z,BUY,MOCK1,Bnjd3D8pHCToR3o9afpd6JeqahCQXqxvMwREGkgAEsPo,0.00001293070703370593,50,0,entry,,true
2025-07-05T17:27:43.874Z,SELL,MOCK1,Bnjd3D8pHCToR3o9afpd6JeqahCQXqxvMwREGkgAEsPo,0.0000011059999999999992,50,-45.723358370439314,stop_loss,,true
2025-07-05T17:28:33.877Z,BUY,MOCK2,J4HzcuGoXPrX71REHCvzbLAv1L4qLTtRBHcyrHEj2E1J,0.00005699872263317796,50,0,entry,,true
2025-07-05T17:28:33.879Z,SELL,MOCK2,J4HzcuGoXPrX71REHCvzbLAv1L4qLTtRBHcyrHEj2E1J,0.000041102,50,-13.94480604020129,stop_loss,,true
2025-07-05T17:28:43.880Z,BUY,MOCK2,GDW4rDrdgnYN9JwwcwDy4bNEv6SfFrGqf5ZWwqegYjR3,0.00005698001269423278,50,0,entry,,true
2025-07-05T17:28:43.882Z,SELL,MOCK2,GDW4rDrdgnYN9JwwcwDy4bNEv6SfFrGqf5ZWwqegYjR3,0.000041102,50,-13.93296696811711,stop_loss,,true
2025-07-05T17:29:03.879Z,BUY,MOCK1,7za9N5U4qDZ2iMunhS6zPRWhBwW4UxDzkmuKE2hnSaWH,0.000012394707921658679,50,0,entry,,true
2025-07-05T17:29:03.883Z,SELL,MOCK1,7za9N5U4qDZ2iMunhS6zPRWhBwW4UxDzkmuKE2hnSaWH,0.0000011059999999999992,50,-45.53841846459585,stop_loss,,true
2025-07-05T17:29:23.882Z,BUY,MOCK2,92VAuqqekMkBsDGGqFzZha55heAWgt3kua7E4kH5LQVm,0.000057244818045326556,50,0,entry,,true
2025-07-05T17:29:23.884Z,SELL,MOCK2,92VAuqqekMkBsDGGqFzZha55heAWgt3kua7E4kH5LQVm,0.000041102,50,-14.099807280848234,stop_loss,,true
2025-07-05T17:29:33.882Z,BUY,MOCK2,5s1qPK9PtMLohfdEYhKpq8VKNjcSDrke72FmeCyPrXEY,0.00005786300506971345,50,0,entry,,true
2025-07-05T17:29:33.884Z,SELL,MOCK2,5s1qPK9PtMLohfdEYhKpq8VKNjcSDrke72FmeCyPrXEY,0.000041102,50,-14.483351711097413,stop_loss,,true
2025-07-05T17:29:43.883Z,BUY,MOCK2,EGWFMfm4MbB1bavrtkuruf2JbLWAYyGGnuZNnvkN8xE5,0.00005911816465468898,50,0,entry,,true
2025-07-05T17:29:43.884Z,SELL,MOCK2,EGWFMfm4MbB1bavrtkuruf2JbLWAYyGGnuZNnvkN8xE5,0.000041102,50,-15.237418786528599,stop_loss,,true
2025-07-05T17:29:53.890Z,BUY,MOCK1,9PuTEvgWnmnNguxRFDcSuk49ZEScWu9vX26cUdjhiYi4,0.000012615239299766025,50,0,entry,,true
2025-07-05T17:29:53.898Z,BUY,MOCK2,EkBpoMe5TyrQaGgTw125DCwGKuDYsFx1ZS9ZtwQ7NSfb,0.00005700154508901488,50,0,entry,,true
2025-07-05T17:29:53.902Z,SELL,MOCK1,9PuTEvgWnmnNguxRFDcSuk49ZEScWu9vX26cUdjhiYi4,0.0000011059999999999992,50,-45.61641292044094,stop_loss,,true
2025-07-05T17:29:53.902Z,SELL,MOCK2,EkBpoMe5TyrQaGgTw125DCwGKuDYsFx1ZS9ZtwQ7NSfb,0.000041102,50,-13.946591328520828,stop_loss,,true
2025-07-05T17:30:03.886Z,BUY,MOCK1,Bwxt4NV6TfbjvLbHSqAQqDdro5GfiC6Dp3YY289DWtzq,0.000012398090862663168,50,0,entry,,true
2025-07-05T17:30:03.903Z,SELL,MOCK1,Bwxt4NV6TfbjvLbHSqAQqDdro5GfiC6Dp3YY289DWtzq,0.0000011059999999999992,50,-45.5396358509893,stop_loss,,true
2025-07-05T17:30:23.888Z,BUY,MOCK2,2rTwq4CQLCxuN5YvdsGydxeVGeRiEB8Je3NQ2jawXyVk,0.000058206294299311156,50,0,entry,,true
2025-07-05T17:30:23.904Z,SELL,MOCK2,2rTwq4CQLCxuN5YvdsGydxeVGeRiEB8Je3NQ2jawXyVk,0.000041102,50,-14.692821889121342,stop_loss,,true
2025-07-05T17:30:43.890Z,BUY,MOCK1,9yAzkMKDKASnWaba3wWKkZbREe8VWxq5vqZfk1hMLQTm,0.000012675687977352282,50,0,entry,,true
2025-07-05T17:30:43.906Z,SELL,MOCK1,9yAzkMKDKASnWaba3wWKkZbREe8VWxq5vqZfk1hMLQTm,0.0000011059999999999992,50,-45.63731766679609,stop_loss,,true
2025-07-05T17:30:53.892Z,BUY,MOCK1,8LWiBCfhdZFLC83tu967i36kutCyxrhpfMrXzjkW8tko,0.000012491093784765325,50,0,entry,,true
2025-07-05T17:30:53.893Z,BUY,MOCK2,5XoCS3JgMVLCeJTSStYztFyxkKTRGAGJKKxxQDoTcQ76,0.00005688703168305739,50,0,entry,,true
2025-07-05T17:30:53.907Z,SELL,MOCK1,8LWiBCfhdZFLC83tu967i36kutCyxrhpfMrXzjkW8tko,0.0000011059999999999992,50,-45.57284566484912,stop_loss,,true
2025-07-05T17:30:53.908Z,SELL,MOCK2,5XoCS3JgMVLCeJTSStYztFyxkKTRGAGJKKxxQDoTcQ76,0.000041102,50,-13.874015936534292,stop_loss,,true
2025-07-05T17:31:03.893Z,BUY,MOCK1,B6615fKV8CG23FDXAzCTCaQn54Rfb2f6oN3TpbxHtPy2,0.000012911889479880263,50,0,entry,,true
2025-07-05T17:31:03.895Z,BUY,MOCK2,CxpJAKoYxYakSGB3AD6VcFFwZLXDTFshdX4BLutBVSbw,0.00005843318389046604,50,0,entry,,true
2025-07-05T17:31:03.907Z,SELL,MOCK1,B6615fKV8CG23FDXAzCTCaQn54Rfb2f6oN3TpbxHtPy2,0.0000011059999999999992,50,-45.7171256704009,stop_loss,,true
2025-07-05T17:31:03.908Z,SELL,MOCK2,CxpJAKoYxYakSGB3AD6VcFFwZLXDTFshdX4BLutBVSbw,0.000041102,50,-14.829915757246454,stop_loss,,true
2025-07-05T17:31:13.894Z,BUY,MOCK1,5JuesLmaWQzBRAvmsDHLNnjjM6ykXNKRzudXmTr35EW3,0.000012607740815582786,50,0,entry,,true
2025-07-05T17:31:13.908Z,SELL,MOCK1,5JuesLmaWQzBRAvmsDHLNnjjM6ykXNKRzudXmTr35EW3,0.0000011059999999999992,50,-45.61380577147884,stop_loss,,true
2025-07-05T17:31:23.896Z,BUY,MOCK2,5n71hY7ztR5Q4pNn9sBtb5W7piwSHHgH3cXcDCKcT9iY,0.00005889235736196679,50,0,entry,,true
2025-07-05T17:31:23.909Z,SELL,MOCK2,5n71hY7ztR5Q4pNn9sBtb5W7piwSHHgH3cXcDCKcT9iY,0.000041102,50,-15.104130789520715,stop_loss,,true
2025-07-05T17:31:53.896Z,BUY,MOCK2,55LXEUq69u46ZLwyEsAHWrz9CoKaVh9UAicofwLKH3RL,0.000057300511384691575,50,0,entry,,true
2025-07-05T17:31:53.912Z,SELL,MOCK2,55LXEUq69u46ZLwyEsAHWrz9CoKaVh9UAicofwLKH3RL,0.000041102,50,-14.134700540403182,stop_loss,,true
2025-07-05T17:32:23.904Z,BUY,MOCK1,6ZZftHd7aQAKEqJJ5WpuZ9o4iTuaDtJY3PXp179APutk,0.000012488887001010686,50,0,entry,,true
2025-07-05T17:32:23.915Z,SELL,MOCK1,6ZZftHd7aQAKEqJJ5WpuZ9o4iTuaDtJY3PXp179APutk,0.0000011059999999999992,50,-45.572063387592124,stop_loss,,true
2025-07-05T17:32:33.900Z,BUY,MOCK2,HwsbukG3SujtmAnfFkYMNecZNLzp3g2STyiesTPVNgMb,0.00005757650016310976,50,0,entry,,true
2025-07-05T17:32:33.916Z,SELL,MOCK2,HwsbukG3SujtmAnfFkYMNecZNLzp3g2STyiesTPVNgMb,0.000041102,50,-14.306618252619366,stop_loss,,true
2025-07-05T17:33:03.906Z,BUY,MOCK1,CsKCTW7ukCLXe9mUJfd7BzGyiyDErzhsJmxteyTAV2sH,0.000012541521973722252,50,0,entry,,true
2025-07-05T17:33:03.918Z,SELL,MOCK1,CsKCTW7ukCLXe9mUJfd7BzGyiyDErzhsJmxteyTAV2sH,0.0000011059999999999992,50,-45.59064680380357,stop_loss,,true
2025-07-05T17:33:33.907Z,BUY,MOCK2,DfcWR7dh7kRQSygLPTpetxrrF5Y8St57zgi9Ps825wtV,0.00005828430666373375,50,0,entry,,true
2025-07-05T17:33:33.921Z,SELL,MOCK2,DfcWR7dh7kRQSygLPTpetxrrF5Y8St57zgi9Ps825wtV,0.000041102,50,-14.740079832179848,stop_loss,,true
2025-07-05T17:33:43.911Z,BUY,MOCK1,GrXgijZmkg8LHHETkuTVka1VAvt7xenQw9x9zKPtUEWG,0.000012852616448876696,50,0,entry,,true
2025-07-05T17:33:43.921Z,SELL,MOCK1,GrXgijZmkg8LHHETkuTVka1VAvt7xenQw9x9zKPtUEWG,0.0000011059999999999992,50,-45.69737413234384,stop_loss,,true
2025-07-05T17:33:53.911Z,BUY,MOCK2,A5mW1df6ST6LXciQtjh8eR9EDUWE8yrgXRZkjq9r4D6s,0.00005702719611844904,50,0,entry,,true
2025-07-05T17:33:53.923Z,SELL,MOCK2,A5mW1df6ST6LXciQtjh8eR9EDUWE8yrgXRZkjq9r4D6s,0.000041102,50,-13.962808276047285,stop_loss,,true
2025-07-05T17:34:03.912Z,BUY,MOCK2,3RnEWa6gGydC3FMCUKBBDFSV92euRXrrBQCuAgAqDfC8,0.0000581669678385728,50,0,entry,,true
2025-07-05T17:34:03.923Z,SELL,MOCK2,3RnEWa6gGydC3FMCUKBBDFSV92euRXrrBQCuAgAqDfC8,0.000041102,50,-14.668950843313814,stop_loss,,true
2025-07-05T17:34:43.918Z,BUY,MOCK2,EeC6UxiCs98mJNM696NsAANgiGG8EK6rVcqtFu3UN1S3,0.00005800193223068164,50,0,entry,,true
2025-07-05T17:34:43.928Z,SELL,MOCK2,EeC6UxiCs98mJNM696NsAANgiGG8EK6rVcqtFu3UN1S3,0.000041102,50,-14.568421758320303,stop_loss,,true
2025-07-05T17:34:53.915Z,BUY,MOCK1,9pesrzKZTyhvjypTfGrgtXwWcyj1k5BrRpyZgW2YNbCf,0.000012770287341532849,50,0,entry,,true
2025-07-05T17:34:53.928Z,SELL,MOCK1,9pesrzKZTyhvjypTfGrgtXwWcyj1k5BrRpyZgW2YNbCf,0.0000011059999999999992,50,-45.66963541844923,stop_loss,,true
2025-07-05T17:35:03.917Z,BUY,MOCK1,2CZw8NWdFQLyzDwuC5RwkpPRX6Sk5LfKMj9tzsRmVN6h,0.000012485401291411614,50,0,entry,,true
2025-07-05T17:35:03.918Z,BUY,MOCK2,8hTd6sfTfsaJbCFVKqYomCL8rY6wRWg3zzgby7pXPSrY,0.00005851065212047551,50,0,entry,,true
2025-07-05T17:35:03.928Z,SELL,MOCK1,2CZw8NWdFQLyzDwuC5RwkpPRX6Sk5LfKMj9tzsRmVN6h,0.0000011059999999999992,50,-45.570827183741436,stop_loss,,true
2025-07-05T17:35:03.929Z,SELL,MOCK2,8hTd6sfTfsaJbCFVKqYomCL8rY6wRWg3zzgby7pXPSrY,0.000041102,50,-14.876481024882853,stop_loss,,true
2025-07-05T17:35:23.918Z,BUY,MOCK2,2o86Ndhk8KokHnE2LgMzV6kxrMS6P6GEEf5xB4dK7NPS,0.000059164748543884325,50,0,entry,,true
2025-07-05T17:35:23.931Z,SELL,MOCK2,2o86Ndhk8KokHnE2LgMzV6kxrMS6P6GEEf5xB4dK7NPS,0.000041102,50,-15.264789412978427,stop_loss,,true
2025-07-05T17:35:33.920Z,BUY,MOCK2,8YSsqdgmedhK42BAbsBrtujYFbXmGjRnDWj4pu49nmY9,0.00005841570417334337,50,0,entry,,true
2025-07-05T17:35:33.932Z,SELL,MOCK2,8YSsqdgmedhK42BAbsBrtujYFbXmGjRnDWj4pu49nmY9,0.000041102,50,-14.819391821389761,stop_loss,,true
2025-07-05T17:36:03.922Z,BUY,MOCK2,x4jfhG5Z3JYnVq9pKpDxKPXKEcp2Pyv2zmA9fPH1fZe,0.00005862114870648469,50,0,entry,,true
2025-07-05T17:36:03.934Z,SELL,MOCK2,x4jfhG5Z3JYnVq9pKpDxKPXKEcp2Pyv2zmA9fPH1fZe,0.000041102,50,-14.942686294158813,stop_loss,,true
2025-07-05T17:36:43.927Z,BUY,MOCK1,DFdm8jrbACjoatWkaZwH4fjbLUAdsanfz2g7r3GvRFgv,0.000012568042227419028,50,0,entry,,true
2025-07-05T17:36:43.938Z,SELL,MOCK1,DFdm8jrbACjoatWkaZwH4fjbLUAdsanfz2g7r3GvRFgv,0.0000011059999999999992,50,-45.599951130069016,stop_loss,,true
2025-07-05T17:36:53.927Z,BUY,MOCK1,F7cZgKHYFYBc6VbAqoxo8YTJ7Y7yg1wJGMm1Ht8SnKKr,0.000012455803935626978,50,0,entry,,true
2025-07-05T17:36:53.939Z,SELL,MOCK1,F7cZgKHYFYBc6VbAqoxo8YTJ7Y7yg1wJGMm1Ht8SnKKr,0.0000011059999999999992,50,-45.56030262793179,stop_loss,,true
2025-07-05T17:37:03.927Z,BUY,MOCK2,4C7EgER7qoxpQaYw8LXKbEHt3siUc2sKHvP876jGzffC,0.000058625112967711454,50,0,entry,,true
2025-07-05T17:37:03.939Z,SELL,MOCK2,4C7EgER7qoxpQaYw8LXKbEHt3siUc2sKHvP876jGzffC,0.000041102,50,-14.945056888301892,stop_loss,,true
2025-07-05T17:37:23.931Z,BUY,MOCK1,A6ax3YpsrCZG4QF4bgdpEw9gQZ21x8gB7cxnhNXqbYCa,0.00001268061349735697,50,0,entry,,true
2025-07-05T17:37:23.932Z,BUY,MOCK2,HbsiDeSAVwfbDyM6fniGnEAhRpopMRYZfCCqz3kWyD7R,0.000058998797087580666,50,0,entry,,true
2025-07-05T17:37:23.941Z,SELL,MOCK1,A6ax3YpsrCZG4QF4bgdpEw9gQZ21x8gB7cxnhNXqbYCa,0.0000011059999999999992,50,-45.63901225981486,stop_loss,,true
2025-07-05T17:37:23.942Z,SELL,MOCK2,HbsiDeSAVwfbDyM6fniGnEAhRpopMRYZfCCqz3kWyD7R,0.000041102,50,-15.16708642467218,stop_loss,,true
2025-07-05T17:37:43.933Z,BUY,MOCK1,9EdNEJfcSidDwMSyrDrDkQZftkEAKRHMTf6otmT2txRV,0.000012705025799006595,50,0,entry,,true
2025-07-05T17:37:43.942Z,SELL,MOCK1,9EdNEJfcSidDwMSyrDrDkQZftkEAKRHMTf6otmT2txRV,0.0000011059999999999992,50,-45.64739175859652,stop_loss,,true
2025-07-05T17:38:03.935Z,BUY,MOCK1,EWXnGwT5DbyQLD8jKsn3jxD3w5s7QWkAhvcQUwgNAogh,0.000012750834961307044,50,0,entry,,true
2025-07-05T17:38:03.944Z,SELL,MOCK1,EWXnGwT5DbyQLD8jKsn3jxD3w5s7QWkAhvcQUwgNAogh,0.0000011059999999999992,50,-45.663029113951346,stop_loss,,true
2025-07-05T17:38:13.937Z,BUY,MOCK1,3nnfmr4mFsAFsUnJFwyMppXc8GpwmWTBY7H1ghD6kdV8,0.000012756862918358577,50,0,entry,,true
2025-07-05T17:38:13.938Z,BUY,MOCK2,3HHVCVbteA83VeLE4LvK8EwJcWfE7R5yZjVbSQfTfbVZ,0.00005948509188495938,50,0,entry,,true
2025-07-05T17:38:13.944Z,SELL,MOCK1,3nnfmr4mFsAFsUnJFwyMppXc8GpwmWTBY7H1ghD6kdV8,0.0000011059999999999992,50,-45.66507844805505,stop_loss,,true
2025-07-05T17:38:13.945Z,SELL,MOCK2,3HHVCVbteA83VeLE4LvK8EwJcWfE7R5yZjVbSQfTfbVZ,0.000041102,50,-15.451847935707308,stop_loss,,true
2025-07-05T17:38:23.938Z,BUY,MOCK2,GY6D1Gd2zArDTAtRT6y7VbUspZarG97LmLDrSPSEXdJT,0.000057692731038101435,50,0,entry,,true
2025-07-05T17:38:23.944Z,SELL,MOCK2,GY6D1Gd2zArDTAtRT6y7VbUspZarG97LmLDrSPSEXdJT,0.000041102,50,-14.378528056805443,stop_loss,,true
2025-07-05T17:38:33.939Z,BUY,MOCK2,9WssLEjxPCHJ2ahAgZrypLBw8uRg5Mz6YYmJhUctTJ25,0.0000572167625282091,50,0,entry,,true
2025-07-05T17:38:33.945Z,SELL,MOCK2,9WssLEjxPCHJ2ahAgZrypLBw8uRg5Mz6YYmJhUctTJ25,0.000041102,50,-14.082204074605038,stop_loss,,true
2025-07-05T17:38:43.939Z,BUY,MOCK1,4RBr7SUGjoq2M2Z8ybcfyChYUJah7g4wVWcdfNcFc5Yy,0.00001277959843698077,50,0,entry,,true
2025-07-05T17:38:43.945Z,SELL,MOCK1,4RBr7SUGjoq2M2Z8ybcfyChYUJah7g4wVWcdfNcFc5Yy,0.0000011059999999999992,50,-45.67279048143043,stop_loss,,true
2025-07-05T17:38:53.942Z,BUY,MOCK2,Dhmfr139g9eiHFmRHNG8UUuqnYn6Ym8qjVAEbirMfs3D,0.00005707315580877622,50,0,entry,,true
2025-07-05T17:38:53.946Z,SELL,MOCK2,Dhmfr139g9eiHFmRHNG8UUuqnYn6Ym8qjVAEbirMfs3D,0.000041102,50,-13.991828191775154,stop_loss,,true
2025-07-05T17:39:23.944Z,BUY,MOCK1,HGtkXLsMEGbj81Smk6UJ37D3znZzirGLRkLpd5bkiY5H,0.000012815239136952262,50,0,entry,,true
2025-07-05T17:39:23.947Z,SELL,MOCK1,HGtkXLsMEGbj81Smk6UJ37D3znZzirGLRkLpd5bkiY5H,0.0000011059999999999992,50,-45.68482496432357,stop_loss,,true
2025-07-05T17:40:13.955Z,BUY,MOCK2,4ASu7ry3zQLkLfHG67uiyTeq8RBwz3UYn6D11apeDoon,0.000059000286040578035,50,0,entry,,true
2025-07-05T17:40:13.959Z,SELL,MOCK2,4ASu7ry3zQLkLfHG67uiyTeq8RBwz3UYn6D11apeDoon,0.000041102,50,-15.167965480937083,stop_loss,,true
2025-07-05T17:40:23.950Z,BUY,MOCK1,BmcV55CAtKe4GgCnS15aTgAbrzzJxu2VLpqckwKndYs6,0.000012827863007956858,50,0,entry,,true
2025-07-05T17:40:23.960Z,SELL,MOCK1,BmcV55CAtKe4GgCnS15aTgAbrzzJxu2VLpqckwKndYs6,0.0000011059999999999992,50,-45.689071518327054,stop_loss,,true
2025-07-05T17:40:33.950Z,BUY,MOCK2,DuFoDV41Z13FjVbKGJj5yq1YaNgXARQtpkXANSBVfwr5,0.00005756692150409832,50,0,entry,,true
2025-07-05T17:40:33.960Z,SELL,MOCK2,DuFoDV41Z13FjVbKGJj5yq1YaNgXARQtpkXANSBVfwr5,0.000041102,50,-14.3006791694829,stop_loss,,true
2025-07-05T17:40:43.951Z,BUY,MOCK1,8ymVi3o8KKPGzw64CT67ndK4kZFbByymSUAxFMW7s5L7,0.000012370050471647918,50,0,entry,,true
2025-07-05T17:40:43.961Z,SELL,MOCK1,8ymVi3o8KKPGzw64CT67ndK4kZFbByymSUAxFMW7s5L7,0.0000011059999999999992,50,-45.529525111740874,stop_loss,,true
2025-07-05T17:40:53.953Z,BUY,MOCK1,GdqcLwPrTawGBXe1qjU5ntB265hbbzVRASRtWmsK8vnk,0.000012869542767856542,50,0,entry,,true
2025-07-05T17:40:53.954Z,BUY,MOCK2,4iYWTwg1iCNwNiJA2uLNQxri75cnGiG8HnMc6zxFLwxU,0.00005769577284891654,50,0,entry,,true
2025-07-05T17:40:53.962Z,SELL,MOCK1,GdqcLwPrTawGBXe1qjU5ntB265hbbzVRASRtWmsK8vnk,0.0000011059999999999992,50,-45.70303304495639,stop_loss,,true
2025-07-05T17:40:53.962Z,SELL,MOCK2,4iYWTwg1iCNwNiJA2uLNQxri75cnGiG8HnMc6zxFLwxU,0.000041102,50,-14.38040607616902,stop_loss,,true
2025-07-05T17:41:13.955Z,BUY,MOCK2,4cbWcLFd1zDHzfRNAxxjEBv3HYXDiHFJsV5sAfwsgffG,0.000056805806585878114,50,0,entry,,true
2025-07-05T17:41:13.963Z,SELL,MOCK2,4cbWcLFd1zDHzfRNAxxjEBv3HYXDiHFJsV5sAfwsgffG,0.000041102,50,-13.822360362172967,stop_loss,,true
2025-07-05T17:41:23.956Z,BUY,MOCK1,EvhCFmTBRRzD3xbVuMrHrHAyWrdwE2cLeznH9o5Vhpo1,0.000012396414940118743,50,0,entry,,true
2025-07-05T17:41:23.957Z,BUY,MOCK2,DiV5UKGnJkWGL89vAWgEaE1ALsvrFTDfoYc1MTwFwKHF,0.00005865184569665344,50,0,entry,,true
2025-07-05T17:41:23.964Z,SELL,MOCK1,EvhCFmTBRRzD3xbVuMrHrHAyWrdwE2cLeznH9o5Vhpo1,0.0000011059999999999992,50,-45.539032835934556,stop_loss,,true
2025-07-05T17:41:23.965Z,SELL,MOCK2,DiV5UKGnJkWGL89vAWgEaE1ALsvrFTDfoYc1MTwFwKHF,0.000041102,50,-14.9610344637925,stop_loss,,true
2025-07-05T17:41:33.957Z,BUY,MOCK1,F4cQS1xqU4fs4cgxBrRaRSU7Hs9b1hZQYWEMaQcjgCMW,0.000012776729062246546,50,0,entry,,true
2025-07-05T17:41:33.965Z,SELL,MOCK1,F4cQS1xqU4fs4cgxBrRaRSU7Hs9b1hZQYWEMaQcjgCMW,0.0000011059999999999992,50,-45.67181868453298,stop_loss,,true
2025-07-05T17:41:43.957Z,BUY,MOCK1,A7LfauV2PcDHYpXwpkdAXoGCU3LXnztrZ3aHHja2H7Ff,0.000012392031101308116,50,0,entry,,true
2025-07-05T17:41:43.966Z,SELL,MOCK1,A7LfauV2PcDHYpXwpkdAXoGCU3LXnztrZ3aHHja2H7Ff,0.0000011059999999999992,50,-45.53745471199129,stop_loss,,true
2025-07-05T17:42:23.961Z,BUY,MOCK2,F8RrbppJP1aayLUCDJxHEh7TX9aNeCLKSsFj3tCvZUQ6,0.000059583932858869445,50,0,entry,,true
2025-07-05T17:42:23.970Z,SELL,MOCK2,F8RrbppJP1aayLUCDJxHEh7TX9aNeCLKSsFj3tCvZUQ6,0.000041102,50,-15.509158234524202,stop_loss,,true
2025-07-05T17:42:43.963Z,BUY,MOCK1,DsExkdrqWQ3yptr1nL88gKX4t7ZsQ5AZPZnSo7RUFGFg,0.00001254968673240352,50,0,entry,,true
2025-07-05T17:42:43.973Z,SELL,MOCK1,DsExkdrqWQ3yptr1nL88gKX4t7ZsQ5AZPZnSo7RUFGFg,0.0000011059999999999992,50,-45.593515505274375,stop_loss,,true
2025-07-05T17:43:03.964Z,BUY,MOCK2,6He1xPCjBrxZzqYsD5EnwEEFkTZoxhNAui6PDkDVZJGu,0.00005905034956107616,50,0,entry,,true
2025-07-05T17:43:03.973Z,SELL,MOCK2,6He1xPCjBrxZzqYsD5EnwEEFkTZoxhNAui6PDkDVZJGu,0.000041102,50,-15.197496453862705,stop_loss,,true
2025-07-05T17:43:13.966Z,BUY,MOCK1,2ULzoSBZUPDRVvapLsezV4ZUUpqKBqZ47KqAowizxQeQ,0.00001253393665292057,50,0,entry,,true
2025-07-05T17:43:13.974Z,SELL,MOCK1,2ULzoSBZUPDRVvapLsezV4ZUUpqKBqZ47KqAowizxQeQ,0.0000011059999999999992,50,-45.587978339820765,stop_loss,,true
2025-07-05T17:43:23.968Z,BUY,MOCK2,66xcdZoUEikXbg34CwXg4eFWbFLuBQi96KxxwnbudmGA,0.00005768040075201979,50,0,entry,,true
2025-07-05T17:43:23.975Z,SELL,MOCK2,66xcdZoUEikXbg34CwXg4eFWbFLuBQi96KxxwnbudmGA,0.000041102,50,-14.370913287594716,stop_loss,,true
2025-07-05T17:43:53.972Z,BUY,MOCK1,3r9GmWVT8jHX3WhrYRdhMBPSavFbP2pPbdqrpEJiAftx,0.000012460114294622382,50,0,entry,,true
2025-07-05T17:43:53.979Z,SELL,MOCK1,3r9GmWVT8jHX3WhrYRdhMBPSavFbP2pPbdqrpEJiAftx,0.0000011059999999999992,50,-45.561838463723674,stop_loss,,true
2025-07-05T17:44:03.972Z,BUY,MOCK1,33dQyBUzRFaHrhYeZ5Tj1XuRGddWfqLJ8r2v2xyBabZQ,0.000012704236748546988,50,0,entry,,true
2025-07-05T17:44:03.973Z,BUY,MOCK2,8H4MimZGoU2EPJ3CerxfxMZuqsBGVhrMvo4ymjvQppid,0.000059185443097067796,50,0,entry,,true
2025-07-05T17:44:03.981Z,SELL,MOCK1,33dQyBUzRFaHrhYeZ5Tj1XuRGddWfqLJ8r2v2xyBabZQ,0.0000011059999999999992,50,-45.647121421416784,stop_loss,,true
2025-07-05T17:44:03.982Z,SELL,MOCK2,8H4MimZGoU2EPJ3CerxfxMZuqsBGVhrMvo4ymjvQppid,0.000041102,50,-15.276934792403114,stop_loss,,true
2025-07-05T17:44:13.973Z,BUY,MOCK1,2T5KueYVfBFbLfF4nF54foGGJVV7PruDGoATxmaa7tr2,0.000012729701759244901,50,0,entry,,true
2025-07-05T17:44:13.982Z,SELL,MOCK1,2T5KueYVfBFbLfF4nF54foGGJVV7PruDGoATxmaa7tr2,0.0000011059999999999992,50,-45.65582909593004,stop_loss,,true
2025-07-05T17:44:23.975Z,BUY,MOCK1,GteGSxu8QDqZwMFs6VLv7BMTD45irDd7vEtcggj9Jsrt,0.000012675348021668863,50,0,entry,,true
2025-07-05T17:44:23.982Z,SELL,MOCK1,GteGSxu8QDqZwMFs6VLv7BMTD45irDd7vEtcggj9Jsrt,0.0000011059999999999992,50,-45.63720065867516,stop_loss,,true
2025-07-05T17:44:43.980Z,BUY,MOCK1,2HXHH2WaUEst4fMgL6A8VGUhhHEY1VoxxiyJmkCZYci3,0.000012376662452490082,50,0,entry,,true
2025-07-05T17:44:43.984Z,SELL,MOCK1,2HXHH2WaUEst4fMgL6A8VGUhhHEY1VoxxiyJmkCZYci3,0.0000011059999999999992,50,-45.53191337226184,stop_loss,,true
2025-07-05T17:45:13.984Z,BUY,MOCK1,2pCno6fGW6zowKZeTpNBsUBTgE3mgAj8aSSQr4oenyNy,0.000012459377625990313,50,0,entry,,true
2025-07-05T17:45:13.985Z,BUY,MOCK2,3hUMAFhGqQtG36365Uxsvu77z3X5XP4QLu1fpPV3yKuU,0.00005853233104865119,50,0,entry,,true
2025-07-05T17:45:13.986Z,SELL,MOCK1,2pCno6fGW6zowKZeTpNBsUBTgE3mgAj8aSSQr4oenyNy,0.0000011059999999999992,50,-45.56157605459811,stop_loss,,true
2025-07-05T17:45:13.987Z,SELL,MOCK2,3hUMAFhGqQtG36365Uxsvu77z3X5XP4QLu1fpPV3yKuU,0.000041102,50,-14.889489907862512,stop_loss,,true
2025-07-05T17:45:23.984Z,BUY,MOCK2,2vF8nFrX5fFkAZbDj8vrRCD7apZNF4s4MQmAS1Vkq5AV,0.00005869366500974531,50,0,entry,,true
2025-07-05T17:45:23.987Z,SELL,MOCK2,2vF8nFrX5fFkAZbDj8vrRCD7apZNF4s4MQmAS1Vkq5AV,0.000041102,50,-14.98599977256868,stop_loss,,true
2025-07-05T17:45:43.988Z,BUY,MOCK1,HdhqbJkhnKsepDdhWKsauLkyQ9ZEC1JrYkPAvnUQTHH6,0.000012455587435467965,50,0,entry,,true
2025-07-05T17:45:43.991Z,SELL,MOCK1,HdhqbJkhnKsepDdhWKsauLkyQ9ZEC1JrYkPAvnUQTHH6,0.0000011059999999999992,50,-45.56022545813213,stop_loss,,true
2025-07-05T17:45:53.990Z,BUY,MOCK2,DXezLPL9isCLuxiVLTh9YwZGAdeJ3z6of8jNiLSM6Udm,0.00005852116485799259,50,0,entry,,true
2025-07-05T17:45:53.991Z,SELL,MOCK2,DXezLPL9isCLuxiVLTh9YwZGAdeJ3z6of8jNiLSM6Udm,0.000041102,50,-14.882790611107895,stop_loss,,true
2025-07-05T17:46:03.989Z,BUY,MOCK1,ChCzF94DRLLpekAi9kDKb1ZHXsXF1YqjkAx94MkPb9Q7,0.000012389807793526349,50,0,entry,,true
2025-07-05T17:46:03.997Z,SELL,MOCK1,ChCzF94DRLLpekAi9kDKb1ZHXsXF1YqjkAx94MkPb9Q7,0.0000011059999999999992,50,-45.53665392380872,stop_loss,,true
2025-07-05T17:46:23.993Z,BUY,MOCK1,J8RXY1wyRJJhWcWgXYiNzVAcxppYJud1eDoNTuGytrxP,0.000012859441376308315,50,0,entry,,true
2025-07-05T17:46:23.999Z,SELL,MOCK1,J8RXY1wyRJJhWcWgXYiNzVAcxppYJud1eDoNTuGytrxP,0.0000011059999999999992,50,-45.69965767705258,stop_loss,,true
2025-07-05T17:46:33.993Z,BUY,MOCK1,6XfQu25LtR3GTBF2LECumia2ZP6ZymGvhbJfNMyceVCq,0.000012375481833401843,50,0,entry,,true
2025-07-05T17:46:33.995Z,BUY,MOCK2,6EfivV5fwrUv1nXbJayePMxWMSqBWypzh956pw4VpvUY,0.00005684508295105658,50,0,entry,,true
2025-07-05T17:46:34.000Z,SELL,MOCK1,6XfQu25LtR3GTBF2LECumia2ZP6ZymGvhbJfNMyceVCq,0.0000011059999999999992,50,-45.531487117475834,stop_loss,,true
2025-07-05T17:46:34.001Z,SELL,MOCK2,6EfivV5fwrUv1nXbJayePMxWMSqBWypzh956pw4VpvUY,0.000041102,50,-13.84735682821619,stop_loss,,true
2025-07-05T17:46:53.994Z,BUY,MOCK1,AXEVX8AFdVWbEjvdFP21h5zNthLH9Tg62SPEvx1zuWdo,0.000012691743107877982,50,0,entry,,true
2025-07-05T17:46:53.994Z,BUY,MOCK2,6bd2mgeNg4TVbyH6Qb9VjXsKXELQv2qApHEp9RtTMQ3n,0.00005802685882941122,50,0,entry,,true
2025-07-05T17:46:54.002Z,SELL,MOCK1,AXEVX8AFdVWbEjvdFP21h5zNthLH9Tg62SPEvx1zuWdo,0.0000011059999999999992,50,-45.64283648589812,stop_loss,,true
2025-07-05T17:46:54.002Z,SELL,MOCK2,6bd2mgeNg4TVbyH6Qb9VjXsKXELQv2qApHEp9RtTMQ3n,0.000041102,50,-14.583642101985337,stop_loss,,true
2025-07-05T17:47:03.995Z,BUY,MOCK2,6nfpS2M3phhkAiNUVzSFRV1sbzTh6rteyRxDPALqwNjp,0.000057840093605106754,50,0,entry,,true
2025-07-05T17:47:04.002Z,SELL,MOCK2,6nfpS2M3phhkAiNUVzSFRV1sbzTh6rteyRxDPALqwNjp,0.000041102,50,-14.469282950493819,stop_loss,,true
2025-07-05T17:47:13.998Z,BUY,MOCK2,zjrL6HVFzLz2p1vGkaGXXjUyK2r1FxPLto4E4noc4wf,0.000058182584174914354,50,0,entry,,true
2025-07-05T17:47:14.003Z,SELL,MOCK2,zjrL6HVFzLz2p1vGkaGXXjUyK2r1FxPLto4E4noc4wf,0.000041102,50,-14.678433776304072,stop_loss,,true
2025-07-05T17:47:23.997Z,BUY,MOCK1,GWGGXFYDuZZw8ASGwvm7FaE51sxYKDY3NH2YQysk82Jk,0.000012550342873307068,50,0,entry,,true
2025-07-05T17:47:24.003Z,SELL,MOCK1,GWGGXFYDuZZw8ASGwvm7FaE51sxYKDY3NH2YQysk82Jk,0.0000011059999999999992,50,-45.59374587943603,stop_loss,,true
2025-07-05T17:47:34.001Z,BUY,MOCK1,B3mv8FCCun2piK1uPYaKsS7FSrvzCXPpHXCk2SLx8Mho,0.000012380223379966243,50,0,entry,,true
2025-07-05T17:47:34.004Z,SELL,MOCK1,B3mv8FCCun2piK1uPYaKsS7FSrvzCXPpHXCk2SLx8Mho,0.0000011059999999999992,50,-45.53319852939917,stop_loss,,true
2025-07-05T17:47:44.001Z,BUY,MOCK1,DNJPZNFsUda9wdoaVCbGMeWNc6TmkrzPqpHKn4Dbpaen,0.000012641604767227296,50,0,entry,,true
2025-07-05T17:47:44.003Z,SELL,MOCK1,DNJPZNFsUda9wdoaVCbGMeWNc6TmkrzPqpHKn4Dbpaen,0.0000011059999999999992,50,-45.62555537700702,stop_loss,,true
2025-07-05T17:48:44.036Z,BUY,MOCK1,Bsx7N5v6Qk3jHbHv5p1fUzfnyg3M9txnSp9PbBNS4kF9,0.000012800008485233083,50,0,entry,,true
2025-07-05T17:48:44.039Z,SELL,MOCK1,Bsx7N5v6Qk3jHbHv5p1fUzfnyg3M9txnSp9PbBNS4kF9,0.0000011059999999999992,50,-45.67969036397143,stop_loss,,true
2025-07-05T17:49:04.037Z,BUY,MOCK1,2aRU7jwHXNKEtW3g6CUPdY5qD57JqETmRNpUWjUYkS63,0.000012539877065476947,50,0,entry,,true
2025-07-05T17:49:04.043Z,SELL,MOCK1,2aRU7jwHXNKEtW3g6CUPdY5qD57JqETmRNpUWjUYkS63,0.0000011059999999999992,50,-45.5900684104596,stop_loss,,true
2025-07-05T17:49:24.040Z,BUY,MOCK1,4BXKvFq85LxTGMihDPuGVi9a96o1tFwKsQEt4HVNSeEH,0.000012380425785798726,50,0,entry,,true
2025-07-05T17:49:24.045Z,SELL,MOCK1,4BXKvFq85LxTGMihDPuGVi9a96o1tFwKsQEt4HVNSeEH,0.0000011059999999999992,50,-45.5332715565055,stop_loss,,true
2025-07-05T17:49:34.042Z,BUY,MOCK1,Ec8bjFXBXgrhRriJisdVaTtnVcZX6wk6JVaBMMe7uA5Z,0.000012727064543655673,50,0,entry,,true
2025-07-05T17:49:34.045Z,SELL,MOCK1,Ec8bjFXBXgrhRriJisdVaTtnVcZX6wk6JVaBMMe7uA5Z,0.0000011059999999999992,50,-45.65492892643759,stop_loss,,true
2025-07-05T17:50:14.047Z,BUY,MOCK2,FXSCZvufNGHTL238pCvGS4ADQ4zofYVtidv4Kp7S3sgY,0.00005851556315222902,50,0,entry,,true
2025-07-05T17:50:14.049Z,SELL,MOCK2,FXSCZvufNGHTL238pCvGS4ADQ4zofYVtidv4Kp7S3sgY,0.000041102,50,-14.879428834109826,stop_loss,,true
2025-07-05T17:50:34.047Z,BUY,MOCK2,ATQDi9pGN5qjZLWAhcuAZVqFv3wmcKNggyVqW7CYR5xW,0.000058336468178619196,50,0,entry,,true
2025-07-05T17:50:34.051Z,SELL,MOCK2,ATQDi9pGN5qjZLWAhcuAZVqFv3wmcKNggyVqW7CYR5xW,0.000041102,50,-14.771607466747339,stop_loss,,true
2025-07-05T17:50:44.048Z,BUY,MOCK1,Ef88vvcj6cYcjP4qfH7nETZVTnHV5QmkpDHMiadggHDK,0.000012919527956788872,50,0,entry,,true
2025-07-05T17:50:44.050Z,BUY,MOCK2,DYqdH7eLBe3AaHQmyukdF2brNPCvtu5L5wLewDQU9U8Z,0.00005713577679485687,50,0,entry,,true
2025-07-05T17:50:44.054Z,SELL,MOCK1,Ef88vvcj6cYcjP4qfH7nETZVTnHV5QmkpDHMiadggHDK,0.0000011059999999999992,50,-45.71965785553788,stop_loss,,true
2025-07-05T17:50:44.055Z,SELL,MOCK2,DYqdH7eLBe3AaHQmyukdF2brNPCvtu5L5wLewDQU9U8Z,0.000041102,50,-14.03129325818509,stop_loss,,true
2025-07-05T17:51:14.052Z,BUY,MOCK1,pRG61bX2Ewd2ULfnc4PxfL7dwh5LyDwg94Kq5xAQJeT,0.000012399733523179249,50,0,entry,,true
2025-07-05T17:51:14.057Z,SELL,MOCK1,pRG61bX2Ewd2ULfnc4PxfL7dwh5LyDwg94Kq5xAQJeT,0.0000011059999999999992,50,-45.540226739822614,stop_loss,,true
2025-07-05T17:51:24.052Z,BUY,MOCK2,3ff2JfmQqMuf6grQTwQuyC5z1oY4HZHibwNZJbA7HgqB,0.00005832209701028766,50,0,entry,,true
2025-07-05T17:51:24.057Z,SELL,MOCK2,3ff2JfmQqMuf6grQTwQuyC5z1oY4HZHibwNZJbA7HgqB,0.000041102,50,-14.762926826216608,stop_loss,,true
2025-07-05T17:51:34.053Z,BUY,MOCK1,5vRbP8bB4YmzZ5MohbVeNFyExmMAdy6wJRNciFNDhrjE,0.000012494933149281673,50,0,entry,,true
2025-07-05T17:51:34.058Z,SELL,MOCK1,5vRbP8bB4YmzZ5MohbVeNFyExmMAdy6wJRNciFNDhrjE,0.0000011059999999999992,50,-45.57420601300463,stop_loss,,true
2025-07-05T17:51:44.053Z,BUY,MOCK1,7iUTXkVD5FvAfCNbYpVXV6QXquaFNJMrRHLhR4UxFX2w,0.000012809271009842008,50,0,entry,,true
2025-07-05T17:51:44.056Z,BUY,MOCK2,JAkfFJG6h2nEmrLRiqYYLn7uEaHYCHrqaFE1nH5Wtzq2,0.00005683770704465075,50,0,entry,,true
2025-07-05T17:51:44.062Z,SELL,MOCK1,7iUTXkVD5FvAfCNbYpVXV6QXquaFNJMrRHLhR4UxFX2w,0.0000011059999999999992,50,-45.68281442733859,stop_loss,,true
2025-07-05T17:51:44.063Z,SELL,MOCK2,JAkfFJG6h2nEmrLRiqYYLn7uEaHYCHrqaFE1nH5Wtzq2,0.000041102,50,-13.842665250631102,stop_loss,,true
2025-07-05T17:51:54.054Z,BUY,MOCK1,7f4gr6UMeJ8J5VrUZQfsmbtLNAFFtyYTcowdU1F1aQha,0.000012348306809231342,50,0,entry,,true
2025-07-05T17:51:54.062Z,SELL,MOCK1,7f4gr6UMeJ8J5VrUZQfsmbtLNAFFtyYTcowdU1F1aQha,0.0000011059999999999992,50,-45.52165322304278,stop_loss,,true
2025-07-05T17:53:24.067Z,BUY,MOCK2,22pGUAGDj522z87M4RD7WehzNLR3QV4HZxAbfGxFiabw,0.00005700344728180246,50,0,entry,,true
2025-07-05T17:53:24.071Z,SELL,MOCK2,22pGUAGDj522z87M4RD7WehzNLR3QV4HZxAbfGxFiabw,0.000041102,50,-13.947794423021474,stop_loss,,true
2025-07-05T17:54:14.071Z,BUY,MOCK1,8BR4Gx86HGs5x2S5FYBVnKXZoa2dHDjDrkPUzTZP7it8,0.000012942995219796316,50,0,entry,,true
2025-07-05T17:54:14.074Z,SELL,MOCK1,8BR4Gx86HGs5x2S5FYBVnKXZoa2dHDjDrkPUzTZP7it8,0.0000011059999999999992,50,-45.72741864916873,stop_loss,,true
2025-07-05T17:54:24.072Z,BUY,MOCK1,S5UtAyZCSTAC6A92zsRVJoVVmbj8XpGgXKcvkvuhgK3,0.000012759676505800471,50,0,entry,,true
2025-07-05T17:54:24.073Z,BUY,MOCK2,B6qrHZYHkPVdvdLzuaSo2zShATBpoZmrCkd3oj8FQspp,0.00005834007156621597,50,0,entry,,true
2025-07-05T17:54:24.074Z,SELL,MOCK1,S5UtAyZCSTAC6A92zsRVJoVVmbj8XpGgXKcvkvuhgK3,0.0000011059999999999992,50,-45.66603432501906,stop_loss,,true
2025-07-05T17:54:24.075Z,SELL,MOCK2,B6qrHZYHkPVdvdLzuaSo2zShATBpoZmrCkd3oj8FQspp,0.000041102,50,-14.773783356308336,stop_loss,,true
2025-07-05T17:54:34.073Z,BUY,MOCK2,9Ld7scPDbqJuieUZU1cNbPdmAbbZmnFKkYAU9eqWxeC4,0.00005695568477937398,50,0,entry,,true
2025-07-05T17:54:34.074Z,SELL,MOCK2,9Ld7scPDbqJuieUZU1cNbPdmAbbZmnFKkYAU9eqWxeC4,0.000041102,50,-13.917561381963452,stop_loss,,true
2025-07-05T17:54:44.073Z,BUY,MOCK1,4jbP6NnYvasDnh7dffg3rvmcH47mSZ4KWHWWFRdx7kE7,0.000012873868969502312,50,0,entry,,true
2025-07-05T17:54:44.075Z,BUY,MOCK2,BwRFucUxjM4Dy3Bp6SUR5e2Hh5nt7vGtFdwfhS23fwpK,0.00005895151258954815,50,0,entry,,true
2025-07-05T17:54:44.076Z,SELL,MOCK1,4jbP6NnYvasDnh7dffg3rvmcH47mSZ4KWHWWFRdx7kE7,0.0000011059999999999992,50,-45.704477020000475,stop_loss,,true
2025-07-05T17:54:44.076Z,SELL,MOCK2,BwRFucUxjM4Dy3Bp6SUR5e2Hh5nt7vGtFdwfhS23fwpK,0.000041102,50,-15.139147246166496,stop_loss,,true
2025-07-05T17:55:04.075Z,BUY,MOCK2,FcRsBkhcnJ4eCKaM7fTeXqqixUPcjGH5A85NR3ZVQ8YW,0.000058576090002946424,50,0,entry,,true
2025-07-05T17:55:04.076Z,SELL,MOCK2,FcRsBkhcnJ4eCKaM7fTeXqqixUPcjGH5A85NR3ZVQ8YW,0.000041102,50,-14.915719026370198,stop_loss,,true
2025-07-05T17:55:14.079Z,BUY,MOCK2,CqMRq6aZw63BatyT8WErjDPnMo8jFpSr4k4p3W4orcUY,0.0000581752196870605,50,0,entry,,true
2025-07-05T17:55:14.079Z,SELL,MOCK2,CqMRq6aZw63BatyT8WErjDPnMo8jFpSr4k4p3W4orcUY,0.000041102,50,-14.67396236653832,stop_loss,,true
2025-07-05T17:56:24.091Z,BUY,MOCK2,BLb3CSfNengS4qcYuSwsZNVJ3o7VARZU6QS71oxFNnpp,0.00005732064877904463,50,0,entry,,true
2025-07-05T17:56:24.094Z,SELL,MOCK2,BLb3CSfNengS4qcYuSwsZNVJ3o7VARZU6QS71oxFNnpp,0.000041102,50,-14.147300427079138,stop_loss,,true
2025-07-05T17:56:34.085Z,BUY,MOCK2,UtGMFrMk84xLP4mqNAj76ZjM7Nb7i88zoWWmRbmVKPn,0.000058379560439963654,50,0,entry,,true
2025-07-05T17:56:34.096Z,SELL,MOCK2,UtGMFrMk84xLP4mqNAj76ZjM7Nb7i88zoWWmRbmVKPn,0.000041102,50,-14.797610935878442,stop_loss,,true
2025-07-05T17:56:44.085Z,BUY,MOCK2,956TUjGThTBoBZZ8WRa5raLZ54JjiG3tCwA7CrxvJdV2,0.00005790311216153055,50,0,entry,,true
2025-07-05T17:56:44.097Z,SELL,MOCK2,956TUjGThTBoBZZ8WRa5raLZ54JjiG3tCwA7CrxvJdV2,0.000041102,50,-14.507952624947858,stop_loss,,true
2025-07-05T17:56:54.085Z,BUY,MOCK1,HjANad668JuuY13Wzq7dspVK3dAVvpHEg5CA4Tbv7PSm,0.000012649302529829298,50,0,entry,,true
2025-07-05T17:56:54.098Z,SELL,MOCK1,HjANad668JuuY13Wzq7dspVK3dAVvpHEg5CA4Tbv7PSm,0.0000011059999999999992,50,-45.62821745550059,stop_loss,,true
2025-07-05T17:57:04.086Z,BUY,MOCK2,3U1rQSEpv83kbcmhQ6YxU5Y5GJJEYzE9PecQbrRudrLw,0.00005887453336520864,50,0,entry,,true
2025-07-05T17:57:04.099Z,SELL,MOCK2,3U1rQSEpv83kbcmhQ6YxU5Y5GJJEYzE9PecQbrRudrLw,0.000041102,50,-15.0935662240944,stop_loss,,true
2025-07-05T17:57:54.093Z,BUY,MOCK1,Dswm5KX5i8TDXGgz6phvXsicnEEZYRBvD4gQobRApCo8,0.000012366033469600324,50,0,entry,,true
2025-07-05T17:57:54.106Z,SELL,MOCK1,Dswm5KX5i8TDXGgz6phvXsicnEEZYRBvD4gQobRApCo8,0.0000011059999999999992,50,-45.5280729155436,stop_loss,,true
2025-07-05T17:58:04.093Z,BUY,MOCK1,5RDvYFpRwn5pmQ7RsgYMfuKWe5SPDjfmqcwEY3RRPQzW,0.000012622425357222967,50,0,entry,,true
2025-07-05T17:58:04.107Z,SELL,MOCK1,5RDvYFpRwn5pmQ7RsgYMfuKWe5SPDjfmqcwEY3RRPQzW,0.0000011059999999999992,50,-45.618908535010235,stop_loss,,true
2025-07-05T17:58:14.094Z,BUY,MOCK1,Dyp8Yu5VhAKsPtGxb9LyMbY4KXVbq7f1dzguvK59BtBv,0.000012655807891876353,50,0,entry,,true
2025-07-05T17:58:14.108Z,SELL,MOCK1,Dyp8Yu5VhAKsPtGxb9LyMbY4KXVbq7f1dzguvK59BtBv,0.0000011059999999999992,50,-45.630464647342144,stop_loss,,true
2025-07-05T17:58:24.096Z,BUY,MOCK1,2b83QWob28qiExqPZ8x1F7R7PQnCWK7Zp2X8DLUnEA9v,0.000012590366655177787,50,0,entry,,true
2025-07-05T17:58:24.108Z,SELL,MOCK1,2b83QWob28qiExqPZ8x1F7R7PQnCWK7Zp2X8DLUnEA9v,0.0000011059999999999992,50,-45.6077530135107,stop_loss,,true
2025-07-05T17:58:54.099Z,BUY,MOCK2,E7QKPmhmadswwvv3cyeaSyWaqEwta57yVxsDCRehD9Ex,0.00005878155075750494,50,0,entry,,true
2025-07-05T17:58:54.111Z,SELL,MOCK2,E7QKPmhmadswwvv3cyeaSyWaqEwta57yVxsDCRehD9Ex,0.000041102,50,-15.038350068748148,stop_loss,,true
2025-07-05T17:59:14.101Z,BUY,MOCK2,9GH4q1gaGURJ4MppQoWyvpeanNHedWkkefrLVdyq56SC,0.00005883115330131471,50,0,entry,,true
2025-07-05T17:59:14.113Z,SELL,MOCK2,9GH4q1gaGURJ4MppQoWyvpeanNHedWkkefrLVdyq56SC,0.000041102,50,-15.067827423432911,stop_loss,,true
2025-07-05T17:59:24.102Z,BUY,MOCK1,EPbqqJLiDxFMPMLPiJHLxAfYrNC63CkzT2mrLuQUAwNc,0.000012642958820343296,50,0,entry,,true
2025-07-05T17:59:24.103Z,BUY,MOCK2,7YnRKbdhd8yzaKvmdoxgBqSjy98d3245MAXHg1NZASVM,0.00005843609219933005,50,0,entry,,true
2025-07-05T17:59:24.114Z,SELL,MOCK1,EPbqqJLiDxFMPMLPiJHLxAfYrNC63CkzT2mrLuQUAwNc,0.0000011059999999999992,50,-45.62602387733646,stop_loss,,true
2025-07-05T17:59:24.115Z,SELL,MOCK2,7YnRKbdhd8yzaKvmdoxgBqSjy98d3245MAXHg1NZASVM,0.000041102,50,-14.831666138969483,stop_loss,,true
2025-07-05T18:00:04.107Z,BUY,MOCK1,96FqCUjDynVmsUzfYGPZq29dGYNz2HH1PWihJTF3NyJp,0.000012816745272499093,50,0,entry,,true
2025-07-05T18:00:04.118Z,SELL,MOCK1,96FqCUjDynVmsUzfYGPZq29dGYNz2HH1PWihJTF3NyJp,0.0000011059999999999992,50,-45.685332053945295,stop_loss,,true
2025-07-05T18:00:14.107Z,BUY,MOCK2,8giBSYyfd37YAqUDUtNHztSuVfRpWCCr3i8dHBJEq9fa,0.00005840370916294483,50,0,entry,,true
2025-07-05T18:00:14.119Z,SELL,MOCK2,8giBSYyfd37YAqUDUtNHztSuVfRpWCCr3i8dHBJEq9fa,0.000041102,50,-14.81216639398151,stop_loss,,true
2025-07-05T18:00:34.108Z,BUY,MOCK2,5WQ5JC161DUA7YXyrg6VPm1TkqKBT89JxP9PuMUqyKqF,0.000058252480659608636,50,0,entry,,true
2025-07-05T18:00:34.121Z,SELL,MOCK2,5WQ5JC161DUA7YXyrg6VPm1TkqKBT89JxP9PuMUqyKqF,0.000041102,50,-14.720815719269885,stop_loss,,true
2025-07-05T18:01:04.112Z,BUY,MOCK1,FQwccUGVMuPbtzNvCSzqCc1kTSi5exZQYwqycaFHMMoG,0.000012570011101987675,50,0,entry,,true
2025-07-05T18:01:04.123Z,SELL,MOCK1,FQwccUGVMuPbtzNvCSzqCc1kTSi5exZQYwqycaFHMMoG,0.0000011059999999999992,50,-45.600640321530385,stop_loss,,true
2025-07-05T18:01:14.114Z,BUY,MOCK2,EbmVGXTFV9uK3sVjGsj6W4Nx8Y2tZ7SfoogaanrYp3Ji,0.00005851329402352072,50,0,entry,,true
2025-07-05T18:01:14.123Z,SELL,MOCK2,EbmVGXTFV9uK3sVjGsj6W4Nx8Y2tZ7SfoogaanrYp3Ji,0.000041102,50,-14.878066868463996,stop_loss,,true
2025-07-05T18:01:24.115Z,BUY,MOCK1,BcRLcp3UiSwrBURoqeUVa1akcAyJPvft97gW1V8nT1FB,0.000012390414692723525,50,0,entry,,true
2025-07-05T18:01:24.116Z,BUY,MOCK2,9ecznwjH9WRhspocnf6f4BwfP9s584cwWYNefJDmCHX5,0.00005853261333995836,50,0,entry,,true
2025-07-05T18:01:24.123Z,SELL,MOCK1,BcRLcp3UiSwrBURoqeUVa1akcAyJPvft97gW1V8nT1FB,0.0000011059999999999992,50,-45.53687254451009,stop_loss,,true
2025-07-05T18:01:24.124Z,SELL,MOCK2,9ecznwjH9WRhspocnf6f4BwfP9s584cwWYNefJDmCHX5,0.000041102,50,-14.889659238962283,stop_loss,,true
2025-07-05T18:01:34.115Z,BUY,MOCK2,4JK2UsWt4b5nffMBbe6GdWtLhKbaw5wHNFsKXNsK9npX,0.000058862311925759703,50,0,entry,,true
2025-07-05T18:01:34.124Z,SELL,MOCK2,4JK2UsWt4b5nffMBbe6GdWtLhKbaw5wHNFsKXNsK9npX,0.000041102,50,-15.08631868568122,stop_loss,,true
2025-07-05T18:02:04.119Z,BUY,MOCK1,bZnMzKHHZ6oBZFNafqQAvnC5Sx1MU4wqJEfGvWK1CgQ,0.000012852554611523548,50,0,entry,,true
2025-07-05T18:02:04.121Z,BUY,MOCK2,EWJZTg5nW54rus63ZVumJ96JAYHm8H3CSYmmAzr2b1L6,0.000059515884963016986,50,0,entry,,true
2025-07-05T18:02:04.128Z,SELL,MOCK1,bZnMzKHHZ6oBZFNafqQAvnC5Sx1MU4wqJEfGvWK1CgQ,0.0000011059999999999992,50,-45.697353431167826,stop_loss,,true
2025-07-05T18:02:04.128Z,SELL,MOCK2,EWJZTg5nW54rus63ZVumJ96JAYHm8H3CSYmmAzr2b1L6,0.000041102,50,-15.469722893694117,stop_loss,,true
2025-07-05T18:02:14.121Z,BUY,MOCK2,2HHAxEs4SCb9x7NGsY9fsgpGNSbEYnkNxrfvqvCErpvw,0.00005691490399751161,50,0,entry,,true
2025-07-05T18:02:14.129Z,SELL,MOCK2,2HHAxEs4SCb9x7NGsY9fsgpGNSbEYnkNxrfvqvCErpvw,0.000041102,50,-13.891707520233162,stop_loss,,true
2025-07-05T18:02:24.121Z,BUY,MOCK2,ARMRFSnFBMr5h5WtACU6JMFWUw3EpSUsRh5Xc8NVhR2A,0.000059505176333905424,50,0,entry,,true
2025-07-05T18:02:24.130Z,SELL,MOCK2,ARMRFSnFBMr5h5WtACU6JMFWUw3EpSUsRh5Xc8NVhR2A,0.000041102,50,-15.463508780008008,stop_loss,,true
2025-07-05T18:02:44.123Z,BUY,MOCK1,2zxx19Mb2NWqKN9zH4PaJs46Jw1CwSq3qmqQrPjbGaa9,0.000012682530974498808,50,0,entry,,true
2025-07-05T18:02:44.126Z,BUY,MOCK2,7Nb2ARysvGSMJLdjrLXk842GJxzPiB7HEHu8wXC1dAXe,0.0000593087233686983,50,0,entry,,true
2025-07-05T18:02:44.132Z,SELL,MOCK1,2zxx19Mb2NWqKN9zH4PaJs46Jw1CwSq3qmqQrPjbGaa9,0.0000011059999999999992,50,-45.63967159936817,stop_loss,,true
2025-07-05T18:02:44.133Z,SELL,MOCK2,7Nb2ARysvGSMJLdjrLXk842GJxzPiB7HEHu8wXC1dAXe,0.000041102,50,-15.349110834433642,stop_loss,,true
2025-07-05T18:02:54.123Z,BUY,MOCK1,6B6RoRbV5eERche8EL7yGzzk5HDqup43bo5MLFUgP69Q,0.000012734002846582144,50,0,entry,,true
2025-07-05T18:02:54.124Z,BUY,MOCK2,DpDETSpVuMPuXaHTzDZKuSvf58ivcsTR1vC7tYn7jwP2,0.000059012689932895405,50,0,entry,,true
2025-07-05T18:02:54.133Z,SELL,MOCK1,6B6RoRbV5eERche8EL7yGzzk5HDqup43bo5MLFUgP69Q,0.0000011059999999999992,50,-45.65729640033474,stop_loss,,true
2025-07-05T18:02:54.134Z,SELL,MOCK2,DpDETSpVuMPuXaHTzDZKuSvf58ivcsTR1vC7tYn7jwP2,0.000041102,50,-15.17528683513837,stop_loss,,true
2025-07-05T18:03:14.126Z,BUY,MOCK1,4ErF3miZF3msTGDHHUFMN2hnjPtUedLt81CB3yKFjRfD,0.000012604572912878993,50,0,entry,,true
2025-07-05T18:03:14.127Z,BUY,MOCK2,3XMFGpoPXYXfK1xLspW9AeBEQpzKvhpgorgdqqUpoBbp,0.000057023294877954803,50,0,entry,,true
2025-07-05T18:03:14.135Z,SELL,MOCK1,4ErF3miZF3msTGDHHUFMN2hnjPtUedLt81CB3yKFjRfD,0.0000011059999999999992,50,-45.61270339088634,stop_loss,,true
2025-07-05T18:03:14.136Z,SELL,MOCK2,3XMFGpoPXYXfK1xLspW9AeBEQpzKvhpgorgdqqUpoBbp,0.000041102,50,-13.96034279677337,stop_loss,,true
2025-07-05T18:03:24.127Z,BUY,MOCK1,3UTZXwjuERGEjTPD8DipRnHqEMEiAR2xZfixZ6eNi6yt,0.00001278889363978337,50,0,entry,,true
2025-07-05T18:03:24.128Z,BUY,MOCK2,c9WYikoZmBem2ZHSc2bA7x8dpnU5LMrPgS3ymooY5pD,0.000057940859370027015,50,0,entry,,true
2025-07-05T18:03:24.136Z,SELL,MOCK1,3UTZXwjuERGEjTPD8DipRnHqEMEiAR2xZfixZ6eNi6yt,0.0000011059999999999992,50,-45.67593557679031,stop_loss,,true
2025-07-05T18:03:24.137Z,SELL,MOCK2,c9WYikoZmBem2ZHSc2bA7x8dpnU5LMrPgS3ymooY5pD,0.000041102,50,-14.531074921144342,stop_loss,,true
2025-07-05T18:03:34.128Z,BUY,MOCK1,CvCrMHNUxP2S4hEjnBoTV6j97wcES1RdV2HEkohotaRZ,0.000012533669329763633,50,0,entry,,true
2025-07-05T18:03:34.137Z,SELL,MOCK1,CvCrMHNUxP2S4hEjnBoTV6j97wcES1RdV2HEkohotaRZ,0.0000011059999999999992,50,-45.5878842384425,stop_loss,,true
2025-07-05T18:03:44.129Z,BUY,MOCK2,J963n9ospypqRkZnuUEtcWLhXX1hzyE8odVpfskNxoHX,0.00005929230073733898,50,0,entry,,true
2025-07-05T18:03:44.137Z,SELL,MOCK2,J963n9ospypqRkZnuUEtcWLhXX1hzyE8odVpfskNxoHX,0.000041102,50,-15.339513318871552,stop_loss,,true
2025-07-05T18:03:54.130Z,BUY,MOCK1,EMDeiB1n7K6ANXGhH7bt77iLFRTxUoUBNeQ6kFu2Yt5D,0.000012395281404701759,50,0,entry,,true
2025-07-05T18:03:54.131Z,BUY,MOCK2,7YsfRMpbx83MQC5NeNfS5Xw4t23jBKZn3f6ERBSkuDVP,0.00005803454080662807,50,0,entry,,true
2025-07-05T18:03:54.139Z,SELL,MOCK1,EMDeiB1n7K6ANXGhH7bt77iLFRTxUoUBNeQ6kFu2Yt5D,0.0000011059999999999992,50,-45.538624885190295,stop_loss,,true
2025-07-05T18:03:54.139Z,SELL,MOCK2,7YsfRMpbx83MQC5NeNfS5Xw4t23jBKZn3f6ERBSkuDVP,0.000041102,50,-14.58833013174649,stop_loss,,true
2025-07-05T18:04:04.131Z,BUY,MOCK2,72taabBiCWpF21ot9b6Gbrsr3cy1dzcpeqz33xgwYmDz,0.00005851675266677634,50,0,entry,,true
2025-07-05T18:04:04.139Z,SELL,MOCK2,72taabBiCWpF21ot9b6Gbrsr3cy1dzcpeqz33xgwYmDz,0.000041102,50,-14.880142756677435,stop_loss,,true
2025-07-05T18:04:14.132Z,BUY,MOCK2,8ctDpiXYQebidGBfa9FJLMCdsGpKhngSXQ3jikhZSm7b,0.00005952753067922957,50,0,entry,,true
2025-07-05T18:04:14.140Z,SELL,MOCK2,8ctDpiXYQebidGBfa9FJLMCdsGpKhngSXQ3jikhZSm7b,0.000041102,50,-15.476478252153196,stop_loss,,true
2025-07-05T18:04:24.132Z,BUY,MOCK1,5E2XRJmFx3dcnZLKH9cdUWj9hyvxEXvmc4xch9mTwSYz,0.000012894653017771094,50,0,entry,,true
2025-07-05T18:04:24.134Z,BUY,MOCK2,AUWPUnTVa5AdXHrt2u389VNo2XTLZEvC9W5XgEBYQrBN,0.000058867765466751004,50,0,entry,,true
2025-07-05T18:04:24.141Z,SELL,MOCK1,5E2XRJmFx3dcnZLKH9cdUWj9hyvxEXvmc4xch9mTwSYz,0.0000011059999999999992,50,-45.711400692691235,stop_loss,,true
2025-07-05T18:04:24.142Z,SELL,MOCK2,AUWPUnTVa5AdXHrt2u389VNo2XTLZEvC9W5XgEBYQrBN,0.000041102,50,-15.089553107621567,stop_loss,,true
2025-07-05T18:04:34.133Z,BUY,MOCK1,DkREFbR8YZAKQDtnbWEBajsTz1CkVj5q4WjnaLuTYtEc,0.000012435153335493161,50,0,entry,,true
2025-07-05T18:04:34.142Z,SELL,MOCK1,DkREFbR8YZAKQDtnbWEBajsTz1CkVj5q4WjnaLuTYtEc,0.0000011059999999999992,50,-45.552929786385555,stop_loss,,true
2025-07-05T18:04:44.134Z,BUY,MOCK2,5tindyfaweVt4qonYdQh1gjM7AnSRh2Tk41fs9Wdh8Dg,0.00005771300128319989,50,0,entry,,true
2025-07-05T18:04:44.143Z,SELL,MOCK2,5tindyfaweVt4qonYdQh1gjM7AnSRh2Tk41fs9Wdh8Dg,0.000041102,50,-14.391039205957316,stop_loss,,true
2025-07-05T18:04:54.136Z,BUY,MOCK1,HVWCMDSmPhioAWFXF4SNV9FPRWtGpyZNkmeMQimJYQ3S,0.00001245987140933087,50,0,entry,,true
2025-07-05T18:04:54.136Z,BUY,MOCK2,TRgfj7jg1iWBMwcWCzUBr7X7SCTA1SbpuHExpVfi4Dh,0.000058440455936925126,50,0,entry,,true
2025-07-05T18:04:54.143Z,SELL,MOCK1,HVWCMDSmPhioAWFXF4SNV9FPRWtGpyZNkmeMQimJYQ3S,0.0000011059999999999992,50,-45.5617519488534,stop_loss,,true
2025-07-05T18:04:54.144Z,SELL,MOCK2,TRgfj7jg1iWBMwcWCzUBr7X7SCTA1SbpuHExpVfi4Dh,0.000041102,50,-14.834292151689018,stop_loss,,true
2025-07-05T18:05:34.141Z,BUY,MOCK1,61k11SiCdFFJfycgrdibiAx6ukY6xYhyg6QtqP4MAs94,0.000012663274876044058,50,0,entry,,true
2025-07-05T18:05:34.146Z,SELL,MOCK1,61k11SiCdFFJfycgrdibiAx6ukY6xYhyg6QtqP4MAs94,0.0000011059999999999992,50,-45.63304117289481,stop_loss,,true
2025-07-05T18:05:44.141Z,BUY,MOCK1,AxhZZVnLqnswQk8m5aMKh6C1bjWd7VvS34Cw3wgGYj42,0.0000124194372695697,50,0,entry,,true
2025-07-05T18:05:44.146Z,SELL,MOCK1,AxhZZVnLqnswQk8m5aMKh6C1bjWd7VvS34Cw3wgGYj42,0.0000011059999999999992,50,-45.547302281118895,stop_loss,,true
2025-07-05T18:05:54.143Z,BUY,MOCK1,DEuhCdfEyHffPAX6vXLoqxAFiTGQNCuwDW4vdehs7DPJ,0.000012812634012798107,50,0,entry,,true
2025-07-05T18:05:54.145Z,SELL,MOCK1,DEuhCdfEyHffPAX6vXLoqxAFiTGQNCuwDW4vdehs7DPJ,0.0000011059999999999992,50,-45.68394758292771,stop_loss,,true
2025-07-05T18:06:04.145Z,BUY,MOCK2,5drANpp5vL7aEiB3WZYa93rsMTTVWbXj2RnJaDmUKkmt,0.00005814786355441725,50,0,entry,,true
2025-07-05T18:06:04.147Z,SELL,MOCK2,5drANpp5vL7aEiB3WZYa93rsMTTVWbXj2RnJaDmUKkmt,0.000041102,50,-14.657342946456668,stop_loss,,true
2025-07-05T18:06:24.148Z,BUY,MOCK1,GkUNUaqxUAvWg8PqrvQeaE459pjcJLJqykw5GmWgxmAQ,0.000012897440603931815,50,0,entry,,true
2025-07-05T18:06:24.152Z,BUY,MOCK2,7xgHrk5ckVwmiVYjWQCrSnaa1j12XirUt5NRSUCgV44G,0.00005711715513680811,50,0,entry,,true
2025-07-05T18:06:24.153Z,SELL,MOCK1,GkUNUaqxUAvWg8PqrvQeaE459pjcJLJqykw5GmWgxmAQ,0.0000011059999999999992,50,-45.712327608382886,stop_loss,,true
2025-07-05T18:06:24.154Z,SELL,MOCK2,7xgHrk5ckVwmiVYjWQCrSnaa1j12XirUt5NRSUCgV44G,0.000041102,50,-14.019566536925993,stop_loss,,true
2025-07-05T18:06:44.149Z,BUY,MOCK2,5qyuygSapa4a2x28tDywq65LRgD91FwSaLhhx7N1LmVC,0.00005900478230640998,50,0,entry,,true
2025-07-05T18:06:44.155Z,SELL,MOCK2,5qyuygSapa4a2x28tDywq65LRgD91FwSaLhhx7N1LmVC,0.000041102,50,-15.170619741838376,stop_loss,,true
2025-07-05T18:07:04.154Z,BUY,MOCK2,GogTPik9WcxHEaBJHpDxXujEwtxzWc7PC8PXpTJiNPAF,0.00005745630786077759,50,0,entry,,true
2025-07-05T18:07:04.157Z,SELL,MOCK2,GogTPik9WcxHEaBJHpDxXujEwtxzWc7PC8PXpTJiNPAF,0.000041102,50,-14.231951607824957,stop_loss,,true
2025-07-05T18:07:44.168Z,BUY,MOCK2,CvN4gZA25JdtQAiGrv7vQCSdTkpZu1DzSyEQ7x1PurAo,0.000056996905086564114,50,0,entry,,true
2025-07-05T18:07:44.171Z,SELL,MOCK2,CvN4gZA25JdtQAiGrv7vQCSdTkpZu1DzSyEQ7x1PurAo,0.000041102,50,-13.943656293638846,stop_loss,,true
2025-07-05T18:07:54.170Z,BUY,MOCK2,3C8wUip7JYe2YcjmQEArjvg62Jhm4nfZSN8UfDEWhVmc,0.000058128239540510565,50,0,entry,,true
2025-07-05T18:07:54.172Z,SELL,MOCK2,3C8wUip7JYe2YcjmQEArjvg62Jhm4nfZSN8UfDEWhVmc,0.000041102,50,-14.645411313931747,stop_loss,,true
2025-07-05T18:08:04.171Z,BUY,MOCK1,DANcsy35BBqg7qKuEnzsSTcAzEbMQ4YmBqiHoKZB66MZ,0.000012749960971748649,50,0,entry,,true
2025-07-05T18:08:04.173Z,SELL,MOCK1,DANcsy35BBqg7qKuEnzsSTcAzEbMQ4YmBqiHoKZB66MZ,0.0000011059999999999992,50,-45.66273182149077,stop_loss,,true
2025-07-05T18:08:14.172Z,BUY,MOCK1,BnEa4i71PHoMz44fEafyL9wozMZ5NFMd8YozN9pnnfr3,0.000012778951060382646,50,0,entry,,true
2025-07-05T18:08:14.173Z,SELL,MOCK1,BnEa4i71PHoMz44fEafyL9wozMZ5NFMd8YozN9pnnfr3,0.0000011059999999999992,50,-45.67257126671051,stop_loss,,true
2025-07-05T18:08:34.174Z,BUY,MOCK2,GiArZtEp6yN6QCbbJxW3gGTFdEHqDW1PRGzqD9haFjXK,0.000057846525578247686,50,0,entry,,true
2025-07-05T18:08:34.176Z,SELL,MOCK2,GiArZtEp6yN6QCbbJxW3gGTFdEHqDW1PRGzqD9haFjXK,0.000041102,50,-14.473233621955172,stop_loss,,true
2025-07-05T18:08:44.175Z,BUY,MOCK1,DbS13VcAQD16tZv2CXQwXaPyZ4kKnSPAXwpWHM26Tf6x,0.000012671442313404734,50,0,entry,,true
2025-07-05T18:08:44.177Z,SELL,MOCK1,DbS13VcAQD16tZv2CXQwXaPyZ4kKnSPAXwpWHM26Tf6x,0.0000011059999999999992,50,-45.63585591661497,stop_loss,,true
2025-07-05T18:09:14.179Z,BUY,MOCK1,7TcEATe5R4VmAse7j9yVRFPLtfGiKwVYGLBkTaaBs3nk,0.000012672113659618384,50,0,entry,,true
2025-07-05T18:09:14.180Z,BUY,MOCK2,CA7CQfjkvAYAhXNrASTE2r3nZu5CX3GJewDfgtDK3fAV,0.00005929866565917665,50,0,entry,,true
2025-07-05T18:09:14.182Z,SELL,MOCK1,7TcEATe5R4VmAse7j9yVRFPLtfGiKwVYGLBkTaaBs3nk,0.0000011059999999999992,50,-45.63608712126519,stop_loss,,true
2025-07-05T18:09:14.182Z,SELL,MOCK2,CA7CQfjkvAYAhXNrASTE2r3nZu5CX3GJewDfgtDK3fAV,0.000041102,50,-15.343233660402493,stop_loss,,true
2025-07-05T18:09:44.183Z,BUY,MOCK2,HgfiGaNCUHaYyBCinnkmF2iT8vuJVb1SKK4Jodshjj6u,0.00005882510351312581,50,0,entry,,true
2025-07-05T18:09:44.185Z,SELL,MOCK2,HgfiGaNCUHaYyBCinnkmF2iT8vuJVb1SKK4Jodshjj6u,0.000041102,50,-15.064234871402482,stop_loss,,true
2025-07-05T18:09:54.184Z,BUY,MOCK1,FyGnWLCrNrdxDLJ6VAYUCf17NCKP21NPFKUcu3c8531C,0.00001256945294872976,50,0,entry,,true
2025-07-05T18:09:54.185Z,BUY,MOCK2,BKheu8aHfnvhwKViYK61mxCGBSA9BZVNBftyHR4ZCd4b,0.000059230082651548766,50,0,entry,,true
2025-07-05T18:09:54.186Z,SELL,MOCK1,FyGnWLCrNrdxDLJ6VAYUCf17NCKP21NPFKUcu3c8531C,0.0000011059999999999992,50,-45.600444965618934,stop_loss,,true
2025-07-05T18:09:54.186Z,SELL,MOCK2,BKheu8aHfnvhwKViYK61mxCGBSA9BZVNBftyHR4ZCd4b,0.000041102,50,-15.303104301066467,stop_loss,,true
2025-07-05T18:10:14.187Z,BUY,MOCK1,AsGRSvMsKKtQhV9eFv5cxM5Au9EVxgqzsMLdTLx7zTjj,0.000012800709336997696,50,0,entry,,true
2025-07-05T18:10:14.190Z,SELL,MOCK1,AsGRSvMsKKtQhV9eFv5cxM5Au9EVxgqzsMLdTLx7zTjj,0.0000011059999999999992,50,-45.67992690528742,stop_loss,,true
2025-07-05T18:10:44.190Z,BUY,MOCK1,F5PkpwR93FCPCPwZi6ZvSJMMjcXRLiz9vXZw6kACnUpA,0.000012834880975543419,50,0,entry,,true
2025-07-05T18:10:44.191Z,SELL,MOCK1,F5PkpwR93FCPCPwZi6ZvSJMMjcXRLiz9vXZw6kACnUpA,0.0000011059999999999992,50,-45.69142868520768,stop_loss,,true
2025-07-05T18:10:54.190Z,BUY,MOCK1,J8PhQPASPKgB9b89bfqjznVREB9d14R9jZ3Y1xG4XvBA,0.00001295233418172589,50,0,entry,,true
2025-07-05T18:10:54.192Z,SELL,MOCK1,J8PhQPASPKgB9b89bfqjznVREB9d14R9jZ3Y1xG4XvBA,0.0000011059999999999992,50,-45.73049928884468,stop_loss,,true
2025-07-05T18:11:04.191Z,BUY,MOCK1,7oVyoL5chgyuSjTH9Fw5RyEja4vTgfu4U7g9e3jyBchw,0.000012853257881700303,50,0,entry,,true
2025-07-05T18:11:04.192Z,SELL,MOCK1,7oVyoL5chgyuSjTH9Fw5RyEja4vTgfu4U7g9e3jyBchw,0.0000011059999999999992,50,-45.697588851871345,stop_loss,,true
2025-07-05T18:11:24.191Z,BUY,MOCK2,EVGvLVWbGY8GN3ebVNVxCweUM76AALo2tZnx4TYXv2os,0.00005875605774274719,50,0,entry,,true
2025-07-05T18:11:24.193Z,SELL,MOCK2,EVGvLVWbGY8GN3ebVNVxCweUM76AALo2tZnx4TYXv2os,0.000041102,50,-15.023180945905443,stop_loss,,true
2025-07-05T18:11:34.192Z,BUY,MOCK1,5ewQpKDWyb42uJVrCzxWK3RxNkRYi5XMH4hie9bPsNTg,0.00001241448145432691,50,0,entry,,true
2025-07-05T18:11:34.193Z,SELL,MOCK1,5ewQpKDWyb42uJVrCzxWK3RxNkRYi5XMH4hie9bPsNTg,0.0000011059999999999992,50,-45.54552478060001,stop_loss,,true
2025-07-05T18:11:44.193Z,BUY,MOCK1,AQTGCY26m5ygReJcie6uK8LvZWjyHtk8ci8a7jikrVDg,0.000012755578830923426,50,0,entry,,true
2025-07-05T18:11:44.198Z,SELL,MOCK1,AQTGCY26m5ygReJcie6uK8LvZWjyHtk8ci8a7jikrVDg,0.0000011059999999999992,50,-45.66464205717298,stop_loss,,true
2025-07-05T18:11:54.194Z,BUY,MOCK1,CfmG8Yzeq6QsH2duP8SFFUWDpxDwVjEE7u4DgBgRnAcL,0.000012919223715753111,50,0,entry,,true
2025-07-05T18:11:54.199Z,SELL,MOCK1,CfmG8Yzeq6QsH2duP8SFFUWDpxDwVjEE7u4DgBgRnAcL,0.0000011059999999999992,50,-45.71955705569448,stop_loss,,true
2025-07-05T18:12:14.196Z,BUY,MOCK1,Gyt95gsF5tL4RJyTbafdZJV17ZkZBjMRk7TWFcsyGM8c,0.000012927550676222556,50,0,entry,,true
2025-07-05T18:12:14.198Z,BUY,MOCK2,DRpKMhQaJ8vLvt7BsnH75fx7F9gZL1Gaop69GaMG77z4,0.0000572950991131784,50,0,entry,,true
2025-07-05T18:12:14.201Z,SELL,MOCK1,Gyt95gsF5tL4RJyTbafdZJV17ZkZBjMRk7TWFcsyGM8c,0.0000011059999999999992,50,-45.72231419663182,stop_loss,,true
2025-07-05T18:12:14.202Z,SELL,MOCK2,DRpKMhQaJ8vLvt7BsnH75fx7F9gZL1Gaop69GaMG77z4,0.000041102,50,-14.131312593762349,stop_loss,,true
2025-07-05T18:12:24.197Z,BUY,MOCK1,3YQG9ioApg7S75PUnGBTMLnjEB7QR9XKp87rJREQmXpb,0.000012813021053522038,50,0,entry,,true
2025-07-05T18:12:24.202Z,SELL,MOCK1,3YQG9ioApg7S75PUnGBTMLnjEB7QR9XKp87rJREQmXpb,0.0000011059999999999992,50,-45.68407795718098,stop_loss,,true
2025-07-05T18:12:34.198Z,BUY,MOCK1,EFPVeVDqZ4emZu4RAyHFUR3CnGB9hzLMDxqwSae45bPJ,0.000012485596073854802,50,0,entry,,true
2025-07-05T18:12:34.200Z,BUY,MOCK2,7amakjmL2M1U2VsTN9E7Xgfgu9P2j7yox2so2SHBtEEC,0.000057445487623561636,50,0,entry,,true
2025-07-05T18:12:34.203Z,SELL,MOCK1,EFPVeVDqZ4emZu4RAyHFUR3CnGB9hzLMDxqwSae45bPJ,0.0000011059999999999992,50,-45.5708962813718,stop_loss,,true
2025-07-05T18:12:34.203Z,SELL,MOCK2,7amakjmL2M1U2VsTN9E7Xgfgu9P2j7yox2so2SHBtEEC,0.000041102,50,-14.22521445954116,stop_loss,,true
2025-07-05T18:13:14.204Z,BUY,MOCK2,8dT1Tcg6Tsm2RKDYaEkEcS91hw1AeC9JJrvk5thQPkRn,0.000056818991886215724,50,0,entry,,true
2025-07-05T18:13:14.207Z,SELL,MOCK2,8dT1Tcg6Tsm2RKDYaEkEcS91hw1AeC9JJrvk5thQPkRn,0.000041102,50,-13.830755672056075,stop_loss,,true
2025-07-05T18:13:24.204Z,BUY,MOCK1,CbA4RryuNVoStF3RbnfWKkQT4xkmczPUUCfSH5PXojwA,0.00001244312393588351,50,0,entry,,true
2025-07-05T18:13:24.207Z,SELL,MOCK1,CbA4RryuNVoStF3RbnfWKkQT4xkmczPUUCfSH5PXojwA,0.0000011059999999999992,50,-45.555778413447634,stop_loss,,true
2025-07-05T18:13:34.204Z,BUY,MOCK1,EKQY4ip6B6imTVcn41j82MUPPiAf82ZRUyGdEcU23HnY,0.00001240350975283227,50,0,entry,,true
2025-07-05T18:13:34.207Z,SELL,MOCK1,EKQY4ip6B6imTVcn41j82MUPPiAf82ZRUyGdEcU23HnY,0.0000011059999999999992,50,-45.54158451099919,stop_loss,,true
2025-07-05T18:13:44.204Z,BUY,MOCK1,4LksBUHxYUXnRgg8tpUbzjixEpzdkLBQU5TrF6FVfZ8S,0.00001271910542675055,50,0,entry,,true
2025-07-05T18:13:44.211Z,SELL,MOCK1,4LksBUHxYUXnRgg8tpUbzjixEpzdkLBQU5TrF6FVfZ8S,0.0000011059999999999992,50,-45.65220995151953,stop_loss,,true
2025-07-05T18:13:54.205Z,BUY,MOCK1,CAzqZWenav592oCWZ5mEgwVMCPWpK6m14ZTv5Ft6WNH7,0.000012415103423979664,50,0,entry,,true
2025-07-05T18:13:54.212Z,SELL,MOCK1,CAzqZWenav592oCWZ5mEgwVMCPWpK6m14ZTv5Ft6WNH7,0.0000011059999999999992,50,-45.545747940110715,stop_loss,,true
2025-07-05T18:14:04.206Z,BUY,MOCK1,67QLPLrHw4JHzGtriSEPSypBFn7YZy4PHjgK8WtLth8Y,0.000012887808891415235,50,0,entry,,true
2025-07-05T18:14:04.211Z,SELL,MOCK1,67QLPLrHw4JHzGtriSEPSypBFn7YZy4PHjgK8WtLth8Y,0.0000011059999999999992,50,-45.709123213579296,stop_loss,,true
2025-07-05T18:14:14.207Z,BUY,MOCK1,6xg43T7U2dQUXyRtV4qWhHK3F2op3idUpYPRTFE8ToEF,0.000012350637351944134,50,0,entry,,true
2025-07-05T18:14:14.209Z,BUY,MOCK2,AvsphACtsrQrc87TXCxR2btVfwgGKyYHSzxm2DEuRtM2,0.00005775604243172253,50,0,entry,,true
2025-07-05T18:14:14.211Z,SELL,MOCK1,6xg43T7U2dQUXyRtV4qWhHK3F2op3idUpYPRTFE8ToEF,0.0000011059999999999992,50,-45.522498278900954,stop_loss,,true
2025-07-05T18:14:14.212Z,SELL,MOCK2,AvsphACtsrQrc87TXCxR2btVfwgGKyYHSzxm2DEuRtM2,0.000041102,50,-14.417575833221642,stop_loss,,true
2025-07-05T18:15:54.221Z,BUY,MOCK1,9WAhxXMqkBdVhXSuK6f2dywFXjb12qRpbUiX4a3JYTq1,0.000012919748563294507,50,0,entry,,true
2025-07-05T18:15:54.224Z,SELL,MOCK1,9WAhxXMqkBdVhXSuK6f2dywFXjb12qRpbUiX4a3JYTq1,0.0000011059999999999992,50,-45.719730942975985,stop_loss,,true
2025-07-05T18:16:34.224Z,BUY,MOCK2,BVZfd3jmsnaRuLcwghCnKZw4oTww9uhXXii9DdfogmvW,0.00005913303104198639,50,0,entry,,true
2025-07-05T18:16:34.227Z,SELL,MOCK2,BVZfd3jmsnaRuLcwghCnKZw4oTww9uhXXii9DdfogmvW,0.000041102,50,-15.246158301257857,stop_loss,,true
2025-07-05T18:16:44.225Z,BUY,MOCK2,PKwW5XAdjmdnLiJKLbcKjM16NuomKRz9kDyWXyQDM2h,0.000059215093044132465,50,0,entry,,true
2025-07-05T18:16:44.226Z,SELL,MOCK2,PKwW5XAdjmdnLiJKLbcKjM16NuomKRz9kDyWXyQDM2h,0.000041102,50,-15.294321188208674,stop_loss,,true
2025-07-05T18:16:54.226Z,BUY,MOCK1,4pLnonJAGn9THQegVCwQszx6CiidHFjJCZf4dWoCrQEx,0.00001259847198291625,50,0,entry,,true
2025-07-05T18:16:54.227Z,SELL,MOCK1,4pLnonJAGn9THQegVCwQszx6CiidHFjJCZf4dWoCrQEx,0.0000011059999999999992,50,-45.610578800747604,stop_loss,,true
2025-07-05T18:17:14.227Z,BUY,MOCK1,6bsYnoFbN5PZAfmDKarzpbJGFzrBQQ1dJUP2Qd9N9m5T,0.000012649228927797094,50,0,entry,,true
2025-07-05T18:17:14.229Z,SELL,MOCK1,6bsYnoFbN5PZAfmDKarzpbJGFzrBQQ1dJUP2Qd9N9m5T,0.0000011059999999999992,50,-45.628192017421995,stop_loss,,true
2025-07-05T18:17:24.229Z,BUY,MOCK2,GY3Z4trnxg9LeRckJVm7NvuNEL3FGTGwNvxUguERN5yE,0.000057660741897133436,50,0,entry,,true
2025-07-05T18:17:24.232Z,SELL,MOCK2,GY3Z4trnxg9LeRckJVm7NvuNEL3FGTGwNvxUguERN5yE,0.000041102,50,-14.35876590581697,stop_loss,,true
2025-07-05T18:18:24.234Z,BUY,MOCK1,6g2BPBPvwjN8rTRWiKmAk8ejx76P1s2C51PwEXtxWkTY,0.00001248555173330251,50,0,entry,,true
2025-07-05T18:18:24.236Z,SELL,MOCK1,6g2BPBPvwjN8rTRWiKmAk8ejx76P1s2C51PwEXtxWkTY,0.0000011059999999999992,50,-45.57088055207852,stop_loss,,true
2025-07-05T18:18:34.235Z,BUY,MOCK1,7RpCkd1rgEpnQ62ALVvXZFa5THdajtCxYeFMZGotztFe,0.000012482739413388394,50,0,entry,,true
2025-07-05T18:18:34.237Z,SELL,MOCK1,7RpCkd1rgEpnQ62ALVvXZFa5THdajtCxYeFMZGotztFe,0.0000011059999999999992,50,-45.56988268611233,stop_loss,,true
2025-07-05T18:18:54.235Z,BUY,MOCK2,2zuSojKxNwJBUMFqWHM2UzCrbsUJdzNHzF1gnWPG8xrd,0.00005716464453953541,50,0,entry,,true
2025-07-05T18:18:54.237Z,SELL,MOCK2,2zuSojKxNwJBUMFqWHM2UzCrbsUJdzNHzF1gnWPG8xrd,0.000041102,50,-14.049457202892592,stop_loss,,true
2025-07-05T18:19:04.235Z,BUY,MOCK2,8nkyPvY5c3P2jTbGA37eTEb6HKiiGVyTZR5RN3WPd2Q7,0.00005840006223647125,50,0,entry,,true
2025-07-05T18:19:04.236Z,SELL,MOCK2,8nkyPvY5c3P2jTbGA37eTEb6HKiiGVyTZR5RN3WPd2Q7,0.000041102,50,-14.809969008619042,stop_loss,,true
2025-07-05T18:19:24.240Z,BUY,MOCK1,3UC2apSiGnLNcrZyv61tATBAL5fW3AvRqKUtDeZNVTy3,0.0000126876329149633,50,0,entry,,true
2025-07-05T18:19:24.243Z,SELL,MOCK1,3UC2apSiGnLNcrZyv61tATBAL5fW3AvRqKUtDeZNVTy3,0.0000011059999999999992,50,-45.64142497102188,stop_loss,,true
2025-07-05T18:19:34.239Z,BUY,MOCK1,LNYRGzUf18ZU89g9hghEKGnG1CcbTLgj8y2VGqAvS72,0.000012875314105580848,50,0,entry,,true
2025-07-05T18:19:34.244Z,SELL,MOCK1,LNYRGzUf18ZU89g9hghEKGnG1CcbTLgj8y2VGqAvS72,0.0000011059999999999992,50,-45.704959153110686,stop_loss,,true
2025-07-05T18:20:14.246Z,BUY,MOCK2,AaHzTsBqxgJsk2fAFotPvS8U8M9G4KAtC3vokxbtT2gD,0.00005899716276460407,50,0,entry,,true
2025-07-05T18:20:14.249Z,SELL,MOCK2,AaHzTsBqxgJsk2fAFotPvS8U8M9G4KAtC3vokxbtT2gD,0.000041102,50,-15.166121492998686,stop_loss,,true
2025-07-05T18:20:44.248Z,BUY,MOCK2,DsKrGX5wf6WydbXLN5P7UMLkHx9bvDrjFXKUZCEZaG34,0.00005683490370890681,50,0,entry,,true
2025-07-05T18:20:44.252Z,SELL,MOCK2,DsKrGX5wf6WydbXLN5P7UMLkHx9bvDrjFXKUZCEZaG34,0.000041102,50,-13.840881819283569,stop_loss,,true
2025-07-05T18:21:04.249Z,BUY,MOCK1,GNr3o1e94XESaAnLZSBCEcHn1CviEo7TuhKc5onZjSNv,0.000012942381606702161,50,0,entry,,true
2025-07-05T18:21:04.249Z,BUY,MOCK2,7xufbdj6detvPdx6HW6cJLhGuBga923JKeHTLhfy25iP,0.00005807507609451478,50,0,entry,,true
2025-07-05T18:21:04.253Z,SELL,MOCK1,GNr3o1e94XESaAnLZSBCEcHn1CviEo7TuhKc5onZjSNv,0.0000011059999999999992,50,-45.72721608120695,stop_loss,,true
2025-07-05T18:21:04.254Z,SELL,MOCK2,7xufbdj6detvPdx6HW6cJLhGuBga923JKeHTLhfy25iP,0.000041102,50,-14.613046797297175,stop_loss,,true
2025-07-05T18:21:14.251Z,BUY,MOCK1,GB3HQUeqYcFw3C8Z5hnPtxcxeNfHbbHf8HhnMMK99gn2,0.000012750470626190713,50,0,entry,,true
2025-07-05T18:21:14.256Z,SELL,MOCK1,GB3HQUeqYcFw3C8Z5hnPtxcxeNfHbbHf8HhnMMK99gn2,0.0000011059999999999992,50,-45.66290518826745,stop_loss,,true
2025-07-05T18:21:54.254Z,BUY,MOCK2,EaCbffsnE6FPZshs1q3kjNtkWP2wTCqjbFV6kJwTFNfB,0.00005684156874317033,50,0,entry,,true
2025-07-05T18:21:54.257Z,SELL,MOCK2,EaCbffsnE6FPZshs1q3kjNtkWP2wTCqjbFV6kJwTFNfB,0.000041102,50,-13.845121705109063,stop_loss,,true
2025-07-05T18:22:04.256Z,BUY,MOCK1,4agrb6RtyAP1ojQapNkzbh5GXKFpWn4mZQEmNMoJ7nSK,0.000012403865178125724,50,0,entry,,true
2025-07-05T18:22:04.258Z,SELL,MOCK1,4agrb6RtyAP1ojQapNkzbh5GXKFpWn4mZQEmNMoJ7nSK,0.0000011059999999999992,50,-45.541712264212464,stop_loss,,true
2025-07-05T18:22:44.264Z,BUY,MOCK1,3UXurtpmqRubJTh3TCMZkHywLXEhBKyVzXo3119x5W4z,0.000012806796506066151,50,0,entry,,true
2025-07-05T18:22:44.267Z,SELL,MOCK1,3UXurtpmqRubJTh3TCMZkHywLXEhBKyVzXo3119x5W4z,0.0000011059999999999992,50,-45.68198026931979,stop_loss,,true
2025-07-05T18:23:04.263Z,BUY,MOCK1,679wbo3pdVGSEZHbQoJD9H9TpQtaR2YXSbxkYBhk5iP4,0.000012758581690330403,50,0,entry,,true
2025-07-05T18:23:04.264Z,BUY,MOCK2,ocYs3A9FrCYau49ATGBwJ6y9HZgok8Fo9PE3LKh5TLa,0.00005817228865941831,50,0,entry,,true
2025-07-05T18:23:04.268Z,SELL,MOCK1,679wbo3pdVGSEZHbQoJD9H9TpQtaR2YXSbxkYBhk5iP4,0.0000011059999999999992,50,-45.665662426889405,stop_loss,,true
2025-07-05T18:23:04.268Z,SELL,MOCK2,ocYs3A9FrCYau49ATGBwJ6y9HZgok8Fo9PE3LKh5TLa,0.000041102,50,-14.672182453882677,stop_loss,,true
2025-07-05T18:23:14.264Z,BUY,MOCK1,3veuhRcBVMx2tHWFKDY2s5umoDxdN45iY3gLsuoCSNBH,0.000012659516557548594,50,0,entry,,true
2025-07-05T18:23:14.268Z,SELL,MOCK1,3veuhRcBVMx2tHWFKDY2s5umoDxdN45iY3gLsuoCSNBH,0.0000011059999999999992,50,-45.63174472353561,stop_loss,,true
2025-07-05T18:23:44.270Z,BUY,MOCK1,Esa2194uAsCmDVAF3Q56TGkQW7KRsNaDnkGu226CWTfU,0.00001288345714642715,50,0,entry,,true
2025-07-05T18:23:44.272Z,SELL,MOCK1,Esa2194uAsCmDVAF3Q56TGkQW7KRsNaDnkGu226CWTfU,0.0000011059999999999992,50,-45.70767385093249,stop_loss,,true
2025-07-05T18:23:54.269Z,BUY,MOCK1,Hfmnc63pAZt66pgh3CjSG25nMfR2nBByH2AP8TuSwDzy,0.000012437676517260999,50,0,entry,,true
2025-07-05T18:23:54.272Z,SELL,MOCK1,Hfmnc63pAZt66pgh3CjSG25nMfR2nBByH2AP8TuSwDzy,0.0000011059999999999992,50,-45.55383194576136,stop_loss,,true
2025-07-05T18:24:44.279Z,BUY,MOCK2,CFaJpXccth5dGTtNPMnLYS13KZiqNRUehvH5M19V1Pys,0.00005852683256214185,50,0,entry,,true
2025-07-05T18:24:44.283Z,SELL,MOCK2,CFaJpXccth5dGTtNPMnLYS13KZiqNRUehvH5M19V1Pys,0.000041102,50,-14.88619134107483,stop_loss,,true
2025-07-05T18:25:14.281Z,BUY,MOCK2,HqqeBcb7wsSGqqCEv9pP3uoGJdRTG64DNJQJh5GyzUNK,0.000058291835808808816,50,0,entry,,true
2025-07-05T18:25:14.284Z,SELL,MOCK2,HqqeBcb7wsSGqqCEv9pP3uoGJdRTG64DNJQJh5GyzUNK,0.000041102,50,-14.744634107244192,stop_loss,,true
2025-07-05T18:26:04.289Z,BUY,MOCK1,B4k7oDGpgv7cb18dj8WNeYeQFWFC6pK659xtU4KFVwGn,0.000012923676956092031,50,0,entry,,true
2025-07-05T18:26:04.293Z,SELL,MOCK1,B4k7oDGpgv7cb18dj8WNeYeQFWFC6pK659xtU4KFVwGn,0.0000011059999999999992,50,-45.72103201063593,stop_loss,,true
2025-07-05T18:26:24.291Z,BUY,MOCK1,CL1DqomZsN3oLP95uLdXTqTqAvEvSughEVaK58jTVRaX,0.000012862407738308382,50,0,entry,,true
2025-07-05T18:26:24.293Z,SELL,MOCK1,CL1DqomZsN3oLP95uLdXTqTqAvEvSughEVaK58jTVRaX,0.0000011059999999999992,50,-45.70064943320847,stop_loss,,true
2025-07-05T18:27:04.296Z,BUY,MOCK2,6yEMMnX3xmb1LBgHsHs1oRuJdcrohgJTBgg5p4wMTyM,0.000057849983538383943,50,0,entry,,true
2025-07-05T18:27:04.299Z,SELL,MOCK2,6yEMMnX3xmb1LBgHsHs1oRuJdcrohgJTBgg5p4wMTyM,0.000041102,50,-14.475357220518063,stop_loss,,true
2025-07-05T18:27:14.296Z,BUY,MOCK1,C3xZ5VuD64Pe92R3RGeNBMpgYwQLit4nvcN7yfhqecb3,0.000012933320369261162,50,0,entry,,true
2025-07-05T18:27:14.298Z,SELL,MOCK1,C3xZ5VuD64Pe92R3RGeNBMpgYwQLit4nvcN7yfhqecb3,0.0000011059999999999992,50,-45.724222518183936,stop_loss,,true
2025-07-05T18:27:34.300Z,BUY,MOCK1,5yXSiDNsMvTivkYstcp7FLSebPwZsejS8kkTfP23HXf,0.000012939542397785504,50,0,entry,,true
2025-07-05T18:27:34.301Z,BUY,MOCK2,BFvbtWCwesRCUjCu9LGJhFeT1bXxrCZFjk2gPrLZjwRP,0.00005812384513044756,50,0,entry,,true
2025-07-05T18:27:34.303Z,SELL,MOCK1,5yXSiDNsMvTivkYstcp7FLSebPwZsejS8kkTfP23HXf,0.0000011059999999999992,50,-45.726278542163584,stop_loss,,true
2025-07-05T18:27:34.303Z,SELL,MOCK2,BFvbtWCwesRCUjCu9LGJhFeT1bXxrCZFjk2gPrLZjwRP,0.000041102,50,-14.642738356560347,stop_loss,,true
2025-07-05T18:27:54.302Z,BUY,MOCK2,CWxLMxHW44bDgY2YwH5vXkB87me8TAdjELAmhZ1CdtHz,0.00005936582611642467,50,0,entry,,true
2025-07-05T18:27:54.303Z,SELL,MOCK2,CWxLMxHW44bDgY2YwH5vXkB87me8TAdjELAmhZ1CdtHz,0.000041102,50,-15.38244080071147,stop_loss,,true
2025-07-05T18:28:24.305Z,BUY,MOCK2,9dZ1HFmzL4DNXgf613seBLR8WwNTrsrVNwAHuFpdWdYg,0.00005795017388558094,50,0,entry,,true
2025-07-05T18:28:24.306Z,SELL,MOCK2,9dZ1HFmzL4DNXgf613seBLR8WwNTrsrVNwAHuFpdWdYg,0.000041102,50,-14.53677595415557,stop_loss,,true
2025-07-05T18:29:24.317Z,BUY,MOCK2,ErGUYqZH6DGfBgsqFdWrdvC9MvCFL9dr4iqif7mLboGb,0.00005829517787237482,50,0,entry,,true
2025-07-05T18:29:24.320Z,SELL,MOCK2,ErGUYqZH6DGfBgsqFdWrdvC9MvCFL9dr4iqif7mLboGb,0.000041102,50,-14.746655297986832,stop_loss,,true
2025-07-05T18:29:34.316Z,BUY,MOCK1,L6vVowdGUAYTD2AHju6zhELze4EkWkYf1TkNiduZdU1,0.00001272975208086466,50,0,entry,,true
2025-07-05T18:29:34.318Z,BUY,MOCK2,Gk21qjRmWtPT7LpFjSDwyEWTLKwzGZoqKFQwGo4xA3Av,0.00005694468641209515,50,0,entry,,true
2025-07-05T18:29:34.319Z,SELL,MOCK1,L6vVowdGUAYTD2AHju6zhELze4EkWkYf1TkNiduZdU1,0.0000011059999999999992,50,-45.65584626874809,stop_loss,,true
2025-07-05T18:29:34.320Z,SELL,MOCK2,Gk21qjRmWtPT7LpFjSDwyEWTLKwzGZoqKFQwGo4xA3Av,0.000041102,50,-13.910592375068497,stop_loss,,true
2025-07-05T18:29:54.315Z,BUY,MOCK2,9AmzmMznb5df7kGHPE9eze2Q9dMCkpdXRxpdm2vKWgyb,0.000056787363132861214,50,0,entry,,true
2025-07-05T18:29:54.320Z,SELL,MOCK2,9AmzmMznb5df7kGHPE9eze2Q9dMCkpdXRxpdm2vKWgyb,0.000041102,50,-13.810610554467306,stop_loss,,true
2025-07-05T18:30:04.316Z,BUY,MOCK2,B2wy5cerQs5aQGkjYfG8uronDAEMhkLG2TF4vHF8o8Jk,0.00005711843896903639,50,0,entry,,true
2025-07-05T18:30:04.320Z,SELL,MOCK2,B2wy5cerQs5aQGkjYfG8uronDAEMhkLG2TF4vHF8o8Jk,0.000041102,50,-14.020375257207938,stop_loss,,true
2025-07-05T18:30:44.322Z,BUY,MOCK1,28oGbFVfrwf49qgYY6uwAnFCggNUKMPZdGgbFDTpYqTg,0.000012805715096088554,50,0,entry,,true
2025-07-05T18:30:44.324Z,SELL,MOCK1,28oGbFVfrwf49qgYY6uwAnFCggNUKMPZdGgbFDTpYqTg,0.0000011059999999999992,50,-45.68161562356708,stop_loss,,true
2025-07-05T18:30:54.323Z,BUY,MOCK1,7MvknmnrUXx2gZopULQgcQgco8KLRvPP9fS5LsBcxGs7,0.000012505818289793374,50,0,entry,,true
2025-07-05T18:30:54.325Z,SELL,MOCK1,7MvknmnrUXx2gZopULQgcQgco8KLRvPP9fS5LsBcxGs7,0.0000011059999999999992,50,-45.57805825108357,stop_loss,,true
2025-07-05T18:31:14.324Z,BUY,MOCK1,DK6YbooaFRqYanZXLVKLH1EYCx61dicpivFUk2XWQBmq,0.000012358532354345288,50,0,entry,,true
2025-07-05T18:31:14.326Z,SELL,MOCK1,DK6YbooaFRqYanZXLVKLH1EYCx61dicpivFUk2XWQBmq,0.0000011059999999999992,50,-45.52535864175196,stop_loss,,true
2025-07-05T18:31:44.329Z,BUY,MOCK1,57DkEWrSWockf3FmJ2fcnf4BsvkjKrUB7qFgjog2nZgY,0.000012510202672810408,50,0,entry,,true
2025-07-05T18:31:44.330Z,BUY,MOCK2,4g6cTGm1w6XZbqJpz2SHh76WEqxR8nRowo5e2g3pW7jQ,0.00005807314913702866,50,0,entry,,true
2025-07-05T18:31:44.330Z,SELL,MOCK1,57DkEWrSWockf3FmJ2fcnf4BsvkjKrUB7qFgjog2nZgY,0.0000011059999999999992,50,-45.579607985073764,stop_loss,,true
2025-07-05T18:31:44.330Z,SELL,MOCK2,4g6cTGm1w6XZbqJpz2SHh76WEqxR8nRowo5e2g3pW7jQ,0.000041102,50,-14.611872603105914,stop_loss,,true
2025-07-05T18:31:54.329Z,BUY,MOCK2,DHCu9RVWvzVu6XsNfaW2a9f293K5krEgWqwpzv4BdJLA,0.00005892267049474212,50,0,entry,,true
2025-07-05T18:31:54.331Z,SELL,MOCK2,DHCu9RVWvzVu6XsNfaW2a9f293K5krEgWqwpzv4BdJLA,0.000041102,50,-15.122083185564648,stop_loss,,true
2025-07-05T18:32:14.331Z,BUY,MOCK2,FBhgr2ADTASS1YEsjwte4yTaZ1t53L4biooy68XG24e2,0.000058358817176941484,50,0,entry,,true
2025-07-05T18:32:14.334Z,SELL,MOCK2,FBhgr2ADTASS1YEsjwte4yTaZ1t53L4biooy68XG24e2,0.000041102,50,-14.785098475025237,stop_loss,,true
2025-07-05T18:32:24.333Z,BUY,MOCK2,E1kmEBYy7rqNLLzX8ZybFToaRPMZFEYhn3Biz3GhWNYQ,0.000057255277351199685,50,0,entry,,true
2025-07-05T18:32:24.334Z,SELL,MOCK2,E1kmEBYy7rqNLLzX8ZybFToaRPMZFEYhn3Biz3GhWNYQ,0.000041102,50,-14.106365472755169,stop_loss,,true
2025-07-05T18:32:34.334Z,BUY,MOCK1,7SbQJ42opn3m9xXGZqE2uJaLJ8pcfCTRTruYJ6XLjskh,0.000012744265900964523,50,0,entry,,true
2025-07-05T18:32:34.336Z,SELL,MOCK1,7SbQJ42opn3m9xXGZqE2uJaLJ8pcfCTRTruYJ6XLjskh,0.0000011059999999999992,50,-45.66079361261485,stop_loss,,true
2025-07-05T18:32:44.334Z,BUY,MOCK1,DmNVqjEjU9DzUtA939jS67jQ38Yj1R9MwBcBCyUauCZ3,0.000012482880375075212,50,0,entry,,true
2025-07-05T18:32:44.336Z,SELL,MOCK1,DmNVqjEjU9DzUtA939jS67jQ38Yj1R9MwBcBCyUauCZ3,0.0000011059999999999992,50,-45.56993271277209,stop_loss,,true
2025-07-05T18:33:04.338Z,BUY,MOCK2,Ckhe4GrTdJc79QSW331acqdVgL3xiDZ5qXZdxZjnDVD8,0.000058141433190276454,50,0,entry,,true
2025-07-05T18:33:04.340Z,SELL,MOCK2,Ckhe4GrTdJc79QSW331acqdVgL3xiDZ5qXZdxZjnDVD8,0.000041102,50,-14.65343409622565,stop_loss,,true
2025-07-05T18:33:14.340Z,BUY,MOCK1,4dK7kvrQS7j2W2JucDbGPykU6jVDNvLukQbAnZAASiCS,0.000012868163797066149,50,0,entry,,true
2025-07-05T18:33:14.341Z,SELL,MOCK1,4dK7kvrQS7j2W2JucDbGPykU6jVDNvLukQbAnZAASiCS,0.0000011059999999999992,50,-45.702572575847384,stop_loss,,true
2025-07-05T18:33:24.345Z,BUY,MOCK1,12sMVLSEgBCAxoKUFksBe1x5MohfeNVxrw8d8NBM8adz,0.00001248666732821224,50,0,entry,,true
2025-07-05T18:33:24.351Z,SELL,MOCK1,12sMVLSEgBCAxoKUFksBe1x5MohfeNVxrw8d8NBM8adz,0.0000011059999999999992,50,-45.57127626239744,stop_loss,,true
2025-07-05T18:33:34.342Z,BUY,MOCK2,FJ6W7twLR3SPKzmNu12jxk5qfz7pr6dtwSRpeBDwCz6Z,0.00005839710564661963,50,0,entry,,true
2025-07-05T18:33:34.352Z,SELL,MOCK2,FJ6W7twLR3SPKzmNu12jxk5qfz7pr6dtwSRpeBDwCz6Z,0.000041102,50,-14.808187370858827,stop_loss,,true
2025-07-05T18:34:04.346Z,BUY,MOCK2,EBYzVGTuDtYvT11MWD37ATGYiNXTsSe3oeG4z6tyrrJU,0.00005949677754989821,50,0,entry,,true
2025-07-05T18:34:04.356Z,SELL,MOCK2,EBYzVGTuDtYvT11MWD37ATGYiNXTsSe3oeG4z6tyrrJU,0.000041102,50,-15.458633481847857,stop_loss,,true
2025-07-05T18:34:24.347Z,BUY,MOCK1,6evU53Arzj4TQs5b2GUomGcqSDQgtFtGCXLEgZagATwG,0.000012534196825103962,50,0,entry,,true
2025-07-05T18:34:24.349Z,BUY,MOCK2,tkQv5DR88Wb4f9TeoGPGqu7jzS4sCfJx2fP1MBmsuA5,0.00005898255753543029,50,0,entry,,true
2025-07-05T18:34:24.361Z,SELL,MOCK1,6evU53Arzj4TQs5b2GUomGcqSDQgtFtGCXLEgZagATwG,0.0000011059999999999992,50,-45.58806992010505,stop_loss,,true
2025-07-05T18:34:24.362Z,SELL,MOCK2,tkQv5DR88Wb4f9TeoGPGqu7jzS4sCfJx2fP1MBmsuA5,0.000041102,50,-15.157495946737813,stop_loss,,true
2025-07-05T18:34:34.349Z,BUY,MOCK1,CU4eoHg2uJJyFaVCfkiQiaFkYcQ13yfADZN9kUmwNpUK,0.000012836998263735215,50,0,entry,,true
2025-07-05T18:34:34.362Z,SELL,MOCK1,CU4eoHg2uJJyFaVCfkiQiaFkYcQ13yfADZN9kUmwNpUK,0.0000011059999999999992,50,-45.692139325419745,stop_loss,,true
2025-07-05T18:34:54.350Z,BUY,MOCK2,6SEvBSpVGxdxtPCnmney9xPHzKf4iQMq6PbTm9GJuNr6,0.000057559645888127666,50,0,entry,,true
2025-07-05T18:34:54.364Z,SELL,MOCK2,6SEvBSpVGxdxtPCnmney9xPHzKf4iQMq6PbTm9GJuNr6,0.000041102,50,-14.296166727740625,stop_loss,,true
2025-07-05T18:35:04.350Z,BUY,MOCK1,HANADbDXkGdGaM2Hi5eSYSvhbCi88gzcdPc5m9h7vKu1,0.000012933895725155631,50,0,entry,,true
2025-07-05T18:35:04.366Z,SELL,MOCK1,HANADbDXkGdGaM2Hi5eSYSvhbCi88gzcdPc5m9h7vKu1,0.0000011059999999999992,50,-45.72441272334948,stop_loss,,true
2025-07-05T18:35:44.352Z,BUY,MOCK2,CNGfgFcfEpBxoShK3ouDT8WBw4e2x7MQQspkBRuHbsEq,0.00005959372994270082,50,0,entry,,true
2025-07-05T18:35:44.370Z,SELL,MOCK2,CNGfgFcfEpBxoShK3ouDT8WBw4e2x7MQQspkBRuHbsEq,0.000041102,50,-15.514828456349818,stop_loss,,true
2025-07-05T18:35:54.354Z,BUY,MOCK2,9gSDaxhx24bSmmKZvVL32EMzscA1UAyEGUnpZnKrf1U2,0.00005717621607479709,50,0,entry,,true
2025-07-05T18:35:54.370Z,SELL,MOCK2,9gSDaxhx24bSmmKZvVL32EMzscA1UAyEGUnpZnKrf1U2,0.000041102,50,-14.056733007452815,stop_loss,,true
2025-07-05T18:36:24.358Z,BUY,MOCK2,Dq6TfV9LwnxGSVqhMpAESWCLGNbqTPwLza6FFu3vaA15,0.00005905623416848071,50,0,entry,,true
2025-07-05T18:36:24.374Z,SELL,MOCK2,Dq6TfV9LwnxGSVqhMpAESWCLGNbqTPwLza6FFu3vaA15,0.000041102,50,-15.20096431924471,stop_loss,,true
2025-07-05T18:36:44.360Z,BUY,MOCK2,HbAWimUY3W3BbPXBvuYaQZQ2qTk4aT4639sH48TcUkgh,0.00005818322413349538,50,0,entry,,true
2025-07-05T18:36:44.375Z,SELL,MOCK2,HbAWimUY3W3BbPXBvuYaQZQ2qTk4aT4639sH48TcUkgh,0.000041102,50,-14.678822278999425,stop_loss,,true
2025-07-05T18:36:54.362Z,BUY,MOCK2,FR9UVMQnp9kVae2LEcMQEa9ntoSmWxrrVcX6HCLxGF8p,0.00005723165230641324,50,0,entry,,true
2025-07-05T18:36:54.375Z,SELL,MOCK2,FR9UVMQnp9kVae2LEcMQEa9ntoSmWxrrVcX6HCLxGF8p,0.000041102,50,-14.091548694118158,stop_loss,,true
2025-07-05T18:37:24.388Z,BUY,MOCK1,13aYnTEYgUtmJkqvUZyhATddxinfCnDkqKKmR5BBxedg,0.000012614571213568683,50,0,entry,,true
2025-07-05T18:37:24.396Z,SELL,MOCK1,13aYnTEYgUtmJkqvUZyhATddxinfCnDkqKKmR5BBxedg,0.0000011059999999999992,50,-45.61618075923839,stop_loss,,true
2025-07-05T18:37:54.369Z,BUY,MOCK2,EYJBPJzsLenV3gwD4ZRDgsK3pGicMuRgY9JGjBCKWKEN,0.00005887744047582946,50,0,entry,,true
2025-07-05T18:37:54.400Z,SELL,MOCK2,EYJBPJzsLenV3gwD4ZRDgsK3pGicMuRgY9JGjBCKWKEN,0.000041102,50,-15.095289751196544,stop_loss,,true
2025-07-05T18:38:14.371Z,BUY,MOCK1,DNHFKBvKBuqTMGr4ikooHuYZi3JGef9Hmou1z8YZjsRB,0.000012741389364642593,50,0,entry,,true
2025-07-05T18:38:14.402Z,SELL,MOCK1,DNHFKBvKBuqTMGr4ikooHuYZi3JGef9Hmou1z8YZjsRB,0.0000011059999999999992,50,-45.659813979670254,stop_loss,,true
2025-07-05T18:38:44.373Z,BUY,MOCK2,3EnGEnnkhGJNWtcJWKp5SKfNhBhEvogNDrXbmtkahz6G,0.00005953650916203391,50,0,entry,,true
2025-07-05T18:38:44.403Z,SELL,MOCK2,3EnGEnnkhGJNWtcJWKp5SKfNhBhEvogNDrXbmtkahz6G,0.000041102,50,-15.481684617973448,stop_loss,,true
2025-07-05T18:38:54.375Z,BUY,MOCK2,CJhRtoPxZdLBDKFwEPXPXycd9x8PWdqkUdcf1QkQn2g1,0.00005904001606032316,50,0,entry,,true
2025-07-05T18:38:54.404Z,SELL,MOCK2,CJhRtoPxZdLBDKFwEPXPXycd9x8PWdqkUdcf1QkQn2g1,0.000041102,50,-15.191405132745297,stop_loss,,true
2025-07-05T18:39:14.377Z,BUY,MOCK1,qFvq6No9twSdsrn8Ln9omawihMhBxeJXun3FeqU5sKY,0.000012367609997706456,50,0,entry,,true
2025-07-05T18:39:14.406Z,SELL,MOCK1,qFvq6No9twSdsrn8Ln9omawihMhBxeJXun3FeqU5sKY,0.0000011059999999999992,50,-45.528642962524266,stop_loss,,true
2025-07-05T18:39:24.378Z,BUY,MOCK1,4sV7YDvf22JipQSqGjGZWPtd253B93iPm8m1LTKzMAkB,0.00001267433400786778,50,0,entry,,true
2025-07-05T18:39:24.407Z,SELL,MOCK1,4sV7YDvf22JipQSqGjGZWPtd253B93iPm8m1LTKzMAkB,0.0000011059999999999992,50,-45.63685161163721,stop_loss,,true
2025-07-05T18:39:34.379Z,BUY,MOCK1,AmGXjcALGBGa1cDddXZThJtzU63i7FNsNxvVwRBU7wWu,0.000012585748119456975,50,0,entry,,true
2025-07-05T18:39:34.380Z,BUY,MOCK2,HeBuxK7jxQ1wzKN2aDzJZTXWKpQZVA3secf9KoAuCfjg,0.00005882134474869446,50,0,entry,,true
2025-07-05T18:39:34.408Z,SELL,MOCK1,AmGXjcALGBGa1cDddXZThJtzU63i7FNsNxvVwRBU7wWu,0.0000011059999999999992,50,-45.606141210270316,stop_loss,,true
2025-07-05T18:39:34.409Z,SELL,MOCK2,HeBuxK7jxQ1wzKN2aDzJZTXWKpQZVA3secf9KoAuCfjg,0.000041102,50,-15.06200242819826,stop_loss,,true
2025-07-05T18:39:44.381Z,BUY,MOCK1,9Hm4tXEexC6C9bokr3WYBWwB2QkjSscGuY9EVzZVJJuY,0.000012801558644885927,50,0,entry,,true
2025-07-05T18:39:44.410Z,SELL,MOCK1,9Hm4tXEexC6C9bokr3WYBWwB2QkjSscGuY9EVzZVJJuY,0.0000011059999999999992,50,-45.68021351664927,stop_loss,,true
2025-07-05T18:40:14.385Z,BUY,MOCK1,BktatYA5Q44yjvgeEMA3cLYoDT4UxhQu3tyLheyxd9d1,0.000012574125346916728,50,0,entry,,true
2025-07-05T18:40:14.413Z,SELL,MOCK1,BktatYA5Q44yjvgeEMA3cLYoDT4UxhQu3tyLheyxd9d1,0.0000011059999999999992,50,-45.602079788908746,stop_loss,,true
2025-07-05T18:40:24.386Z,BUY,MOCK1,91zjmY61wqTwSxzNXrwmMUVFNobKDCzjgrFaGFNCrbiK,0.000012699653254677404,50,0,entry,,true
2025-07-05T18:40:24.413Z,SELL,MOCK1,91zjmY61wqTwSxzNXrwmMUVFNobKDCzjgrFaGFNCrbiK,0.0000011059999999999992,50,-45.64555040275352,stop_loss,,true
2025-07-05T18:40:54.390Z,BUY,MOCK1,2oYcqikij1KugE26xrLjRStGRseqQAiLMgtNh3kFDSqa,0.00001236396871529277,50,0,entry,,true
2025-07-05T18:40:54.416Z,SELL,MOCK1,2oYcqikij1KugE26xrLjRStGRseqQAiLMgtNh3kFDSqa,0.0000011059999999999992,50,-45.527326114017065,stop_loss,,true
2025-07-05T18:41:34.394Z,BUY,MOCK2,4NtrKxvQanyB5wzbUFfFKWkq1k3Vo3A3G15XZPwm3HHY,0.000059182650070016904,50,0,entry,,true
2025-07-05T18:41:34.419Z,SELL,MOCK2,4NtrKxvQanyB5wzbUFfFKWkq1k3Vo3A3G15XZPwm3HHY,0.000041102,50,-15.275296094908155,stop_loss,,true
2025-07-05T18:41:44.395Z,BUY,MOCK1,ANvihonUc1THu9C4jSMA94i3PUTjuY1X1sVBpDcGgTSA,0.000012393461649821369,50,0,entry,,true
2025-07-05T18:41:44.396Z,BUY,MOCK2,7gGPytGCqUPGapeXhKbMTZQjoBo1CvoiYTXSwWrzWzEq,0.00005899445505210638,50,0,entry,,true
2025-07-05T18:41:44.420Z,SELL,MOCK1,ANvihonUc1THu9C4jSMA94i3PUTjuY1X1sVBpDcGgTSA,0.0000011059999999999992,50,-45.5379698132364,stop_loss,,true
2025-07-05T18:41:44.421Z,SELL,MOCK2,7gGPytGCqUPGapeXhKbMTZQjoBo1CvoiYTXSwWrzWzEq,0.000041102,50,-15.164522696500045,stop_loss,,true
2025-07-05T18:42:04.398Z,BUY,MOCK1,HhAfhSkAnqZat1yLLkJS8zoTgh1U3yZLA5wBUG4evRn,0.000012600860889853264,50,0,entry,,true
2025-07-05T18:42:04.423Z,SELL,MOCK1,HhAfhSkAnqZat1yLLkJS8zoTgh1U3yZLA5wBUG4evRn,0.0000011059999999999992,50,-45.61141095966468,stop_loss,,true
2025-07-05T18:42:14.398Z,BUY,MOCK2,DveaDrH2cwMrLwJTUafp4JKh4rmeRPKVS9oTHkqcAqy6,0.00005754249632012109,50,0,entry,,true
2025-07-05T18:42:14.423Z,SELL,MOCK2,DveaDrH2cwMrLwJTUafp4JKh4rmeRPKVS9oTHkqcAqy6,0.000041102,50,-14.285525803972012,stop_loss,,true
2025-07-05T18:42:24.400Z,BUY,MOCK2,A2JVD39tmB5DUMVTdEFe4BYFwatTuo3BYNX9nU1CWdA4,0.00005841791194645105,50,0,entry,,true
2025-07-05T18:42:24.425Z,SELL,MOCK2,A2JVD39tmB5DUMVTdEFe4BYFwatTuo3BYNX9nU1CWdA4,0.000041102,50,-14.820721393058118,stop_loss,,true
2025-07-05T18:42:34.401Z,BUY,MOCK2,BELPD3pTMC2UbLismjc7KhZpByz5mFZjVWQHsRaUmSWv,0.000058913345148669495,50,0,entry,,true
2025-07-05T18:42:34.427Z,SELL,MOCK2,BELPD3pTMC2UbLismjc7KhZpByz5mFZjVWQHsRaUmSWv,0.000041102,50,-15.116562388132994,stop_loss,,true
2025-07-05T18:43:14.410Z,BUY,MOCK1,2m9fdeBxQprpmTKbidsiWfV8RShsaj1iVCgREPn8ZkVX,0.000012802713163938954,50,0,entry,,true
2025-07-05T18:43:14.433Z,SELL,MOCK1,2m9fdeBxQprpmTKbidsiWfV8RShsaj1iVCgREPn8ZkVX,0.0000011059999999999992,50,-45.68060306500016,stop_loss,,true
2025-07-05T18:43:24.338Z,BUY,MOCK2,9gJE3GTNhnUcrUCZArDfSUpAEn85UyJmSuy5oxSjwkFz,0.00005865852696392902,50,0,entry,,true
2025-07-05T18:43:24.361Z,SELL,MOCK2,9gJE3GTNhnUcrUCZArDfSUpAEn85UyJmSuy5oxSjwkFz,0.000041102,50,-14.96502543843718,stop_loss,,true
2025-07-05T18:43:34.339Z,BUY,MOCK2,3wKwjStAptietr4TfQpAC7ih3eYAHTovDDkskMBGyYNq,0.00005854759703471818,50,0,entry,,true
2025-07-05T18:43:34.362Z,SELL,MOCK2,3wKwjStAptietr4TfQpAC7ih3eYAHTovDDkskMBGyYNq,0.000041102,50,-14.898644793545584,stop_loss,,true
2025-07-05T18:43:44.343Z,BUY,MOCK1,BQGhfEzNBWZHVAY32Reubof49Ux5aGZkQ82fzPk8itiB,0.000012510587672489816,50,0,entry,,true
2025-07-05T18:43:44.364Z,SELL,MOCK1,BQGhfEzNBWZHVAY32Reubof49Ux5aGZkQ82fzPk8itiB,0.0000011059999999999992,50,-45.57974401781284,stop_loss,,true
2025-07-05T18:44:04.345Z,BUY,MOCK1,H1c4EarrwNeGJLGK74sApmNp5oxiYk1ixRGViWbD6DVQ,0.000012894259263523528,50,0,entry,,true
2025-07-05T18:44:04.348Z,BUY,MOCK2,BikiDPaP3vF5UNGs3vYuCf2N3XiHqQqPbd4nL2pWknFn,0.00005908752156463205,50,0,entry,,true
2025-07-05T18:44:04.367Z,SELL,MOCK1,H1c4EarrwNeGJLGK74sApmNp5oxiYk1ixRGViWbD6DVQ,0.0000011059999999999992,50,-45.71126973098503,stop_loss,,true
2025-07-05T18:44:04.368Z,SELL,MOCK2,BikiDPaP3vF5UNGs3vYuCf2N3XiHqQqPbd4nL2pWknFn,0.000041102,50,-15.219390734606158,stop_loss,,true
2025-07-05T18:44:14.347Z,BUY,MOCK2,5cGKZiktiM5ZjZvxobFYAbqpKrWwESwMKrTnKoCQ1cDv,0.00005823519093707846,50,0,entry,,true
2025-07-05T18:44:14.369Z,SELL,MOCK2,5cGKZiktiM5ZjZvxobFYAbqpKrWwESwMKrTnKoCQ1cDv,0.000041102,50,-14.710341514626787,stop_loss,,true
2025-07-05T18:44:24.349Z,BUY,MOCK2,DjFCNDvj8k7s4gHindSg5WsS1fGXodwhiaqusQpZExok,0.00005808253545859657,50,0,entry,,true
2025-07-05T18:44:24.371Z,SELL,MOCK2,DjFCNDvj8k7s4gHindSg5WsS1fGXodwhiaqusQpZExok,0.000041102,50,-14.61759143650068,stop_loss,,true
2025-07-05T18:44:37.534Z,BUY,MOCK2,5m5nF6o9qYr6KEWnbiX1PH1A29hRpCUh7835GhAwtLdb,0.000057256666548898326,50,0,entry,,true
2025-07-05T18:44:37.536Z,SELL,MOCK2,5m5nF6o9qYr6KEWnbiX1PH1A29hRpCUh7835GhAwtLdb,0.000041102,50,-14.10723634696924,stop_loss,,true
2025-07-05T18:45:05.809Z,BUY,MOCK1,CxxYAiCLiA4tkhbcK2x3nUA5BDVwGnJ8nJLcmRXaANYZ,0.000012920369809374688,50,0,entry,,true
2025-07-05T18:45:05.817Z,BUY,MOCK2,14hVK8qmXvcm9rBejNALXfBGBhzRdunTmSNEEZLai1wh,0.00005797619310216489,50,0,entry,,true
2025-07-05T18:45:05.818Z,SELL,MOCK1,CxxYAiCLiA4tkhbcK2x3nUA5BDVwGnJ8nJLcmRXaANYZ,0.0000011059999999999992,50,-45.7199367498076,stop_loss,,true
2025-07-05T18:45:05.818Z,SELL,MOCK2,14hVK8qmXvcm9rBejNALXfBGBhzRdunTmSNEEZLai1wh,0.000041102,50,-14.55269154394926,stop_loss,,true
2025-07-05T18:51:34.373Z,BUY,MOCK2,GXsB71Yh2VQ1H9CKmPdpMBcoShpgq2p81LXAD3e9Pc32,0.00005715137783684853,50,0,entry,,true
2025-07-05T18:51:34.376Z,SELL,MOCK2,GXsB71Yh2VQ1H9CKmPdpMBcoShpgq2p81LXAD3e9Pc32,0.000041102,50,-14.04111190692995,stop_loss,,true
2025-07-05T18:51:44.375Z,BUY,MOCK2,Bt7LhnjWhyJZseYjt9UBTdJx3LciJEh2BEgPzocwEDes,0.000058898185577777155,50,0,entry,,true
2025-07-05T18:51:44.378Z,SELL,MOCK2,Bt7LhnjWhyJZseYjt9UBTdJx3LciJEh2BEgPzocwEDes,0.000041102,50,-15.107583878179623,stop_loss,,true
2025-07-05T18:51:54.376Z,BUY,MOCK1,5hdSyFsHPJDRSgVKxevs3mXJJ1B1Pz1iTLxuEpwWM5Z7,0.000012860687216228253,50,0,entry,,true
2025-07-05T18:51:54.388Z,SELL,MOCK1,5hdSyFsHPJDRSgVKxevs3mXJJ1B1Pz1iTLxuEpwWM5Z7,0.0000011059999999999992,50,-45.70007425962279,stop_loss,,true
2025-07-05T18:52:04.379Z,BUY,MOCK1,4S3QkP7DHKe6LAogLayDZyyPk48uLxkxEYAb7XmCHQjB,0.0000126495133875842,50,0,entry,,true
2025-07-05T18:52:04.381Z,BUY,MOCK2,HTWEBNazeNn4utKStsKYbscgCKwwDiaqbRPPbCKojfF1,0.00005754423747165655,50,0,entry,,true
2025-07-05T18:52:04.389Z,SELL,MOCK1,4S3QkP7DHKe6LAogLayDZyyPk48uLxkxEYAb7XmCHQjB,0.0000011059999999999992,50,-45.62829032978627,stop_loss,,true
2025-07-05T18:52:04.390Z,SELL,MOCK2,HTWEBNazeNn4utKStsKYbscgCKwwDiaqbRPPbCKojfF1,0.000041102,50,-14.286606438876861,stop_loss,,true
2025-07-05T18:52:24.380Z,BUY,MOCK2,CnkbZHDJHCL2xFuN2w8dNiZbsrcHjQjWQ8jvvMTJrAtX,0.00005776233667240684,50,0,entry,,true
2025-07-05T18:52:24.393Z,SELL,MOCK2,CnkbZHDJHCL2xFuN2w8dNiZbsrcHjQjWQ8jvvMTJrAtX,0.000041102,50,-14.42145317535735,stop_loss,,true
2025-07-05T18:52:34.384Z,BUY,MOCK1,BSpgBU6KzvckzfqXdQWMAv32hogvUaSKdQedgk1nndC2,0.000012643630120152116,50,0,entry,,true
2025-07-05T18:52:34.392Z,SELL,MOCK1,BSpgBU6KzvckzfqXdQWMAv32hogvUaSKdQedgk1nndC2,0.0000011059999999999992,50,-45.62625610884806,stop_loss,,true
2025-07-05T18:52:44.384Z,BUY,MOCK2,4i8tX4HxafSUAaaiixaDMfZRnFS3itzgxdhfigTML2hr,0.000058592318306487116,50,0,entry,,true
2025-07-05T18:52:44.393Z,SELL,MOCK2,4i8tX4HxafSUAaaiixaDMfZRnFS3itzgxdhfigTML2hr,0.000041102,50,-14.925436313168253,stop_loss,,true
2025-07-05T18:52:54.385Z,BUY,MOCK2,3cJi5AwdCDo4rmdzFNhQ8eD1wBYdCy6kgfSM8tyV4wXG,0.000056829622047004856,50,0,entry,,true
2025-07-05T18:52:54.394Z,SELL,MOCK2,3cJi5AwdCDo4rmdzFNhQ8eD1wBYdCy6kgfSM8tyV4wXG,0.000041102,50,-13.837521243759321,stop_loss,,true
2025-07-05T18:53:04.385Z,BUY,MOCK1,A9tvLQnWVsxfykUVb9nn98UnV5nN8ot9Ac8aBjuXU3AH,0.000012880113293549772,50,0,entry,,true
2025-07-05T18:53:04.394Z,SELL,MOCK1,A9tvLQnWVsxfykUVb9nn98UnV5nN8ot9Ac8aBjuXU3AH,0.0000011059999999999992,50,-45.706559504589634,stop_loss,,true
2025-07-05T19:28:39.375Z,SELL,UNKNOWN,,110,1,-0.11000799999999998,stop_loss,,true
2025-07-05T19:29:34.736Z,SELL,UNKNOWN,,90,1,-0.29001000000000005,stop_loss,,true
2025-07-05T19:29:34.740Z,SELL,UNKNOWN,,90,1,-0.29001000000000005,stop_loss,,true
2025-07-05T19:29:34.742Z,SELL,UNKNOWN,,90,1,-0.29001000000000005,stop_loss,,true
2025-07-05T19:29:34.744Z,SELL,UNKNOWN,,90,1,-0.29001000000000005,stop_loss,,true
2025-07-06T19:23:07.117Z,SELL,UNKNOWN,,110,1,-0.11000799999999998,stop_loss,,true
2025-07-06T19:23:07.167Z,SELL,UNKNOWN,,90,1,-0.29001000000000005,stop_loss,,true
2025-07-06T19:23:07.168Z,SELL,UNKNOWN,,90,1,-0.29001000000000005,stop_loss,,true
2025-07-06T19:23:07.168Z,SELL,UNKNOWN,,90,1,-0.29001000000000005,stop_loss,,true
2025-07-06T19:23:07.169Z,SELL,UNKNOWN,,90,1,-0.29001000000000005,stop_loss,,true
2025-07-06T19:45:11.306Z,SELL,UNKNOWN,,90,1,-0.29001000000000005,stop_loss,,true
2025-07-06T19:45:11.306Z,SELL,UNKNOWN,,90,1,-0.29001000000000005,stop_loss,,true
2025-07-06T19:45:11.306Z,SELL,UNKNOWN,,90,1,-0.29001000000000005,stop_loss,,true
2025-07-06T19:45:11.307Z,SELL,UNKNOWN,,90,1,-0.29001000000000005,stop_loss,,true
2025-07-06T19:45:11.388Z,SELL,UNKNOWN,,110,1,-0.11000799999999998,stop_loss,,true
2025-07-17T19:46:06.109Z,SELL,UNKNOWN,,110,1,-0.11000799999999998,stop_loss,,true,,,,,
2025-07-17T19:47:50.692Z,SELL,UNKNOWN,,110,1,-0.11000799999999998,stop_loss,,true,,,,,
2025-07-17T20:03:02.612Z,SELL,UNKNOWN,,110,1,-0.11000799999999998,stop_loss,,true,,,,,
2025-07-17T20:04:31.260Z,SELL,UNKNOWN,,110,1,-0.11000799999999998,stop_loss,,true,,,,,
2025-07-17T20:07:27.864Z,SELL,UNKNOWN,,110,1,-0.11000799999999998,stop_loss,,true,,,,,
2025-07-17T20:16:03.193Z,SELL,UNKNOWN,,110,1,-0.11000799999999998,stop_loss,,true,,,,,
2025-07-17T22:04:29.050Z,SELL,UNKNOWN,,110,1,-0.11000799999999998,stop_loss,,true,,,,,
2025-07-17T22:16:22.317Z,SELL,UNKNOWN,,110,1,-0.11000799999999998,stop_loss,,true,,,,,
2025-07-17T22:30:56.031Z,SELL,UNKNOWN,,110,1,-0.11000799999999998,stop_loss,,true,,,,,
2025-07-17T22:36:07.042Z,SELL,UNKNOWN,,110,1,-0.11000799999999998,stop_loss,,true,,,,,
2025-07-17T22:46:28.504Z,SELL,UNKNOWN,,110,1,-0.11000799999999998,stop_loss,,true,,,,,
2025-07-17T23:06:04.865Z,SELL,UNKNOWN,,110,1,-0.11000799999999998,stop_loss,,true,,,,,
2025-07-17T23:16:34.082Z,SELL,UNKNOWN,,110,1,-0.11000799999999998,stop_loss,,true,,,,,
2025-07-17T23:18:06.940Z,SELL,UNKNOWN,,110,1,-0.11000799999999998,stop_loss,,true,,,,,
2025-07-17T23:20:38.114Z,SELL,UNKNOWN,,110,1,-0.11000799999999998,stop_loss,,true,,,,,
2025-07-17T23:31:59.434Z,SELL,UNKNOWN,,110,1,-0.11000799999999998,stop_loss,,true,,,,,
2025-07-17T23:37:13.912Z,SELL,UNKNOWN,,110,1,-0.11000799999999998,stop_loss,,true,,,,,
2025-07-18T00:42:03.068Z,SELL,UNKNOWN,,110,1,-0.11000799999999998,stop_loss,,true,,,,,
2025-07-18T01:08:10.963Z,SELL,UNKNOWN,,110,1,-0.11000799999999998,stop_loss,,true,,,,,
2025-07-18T01:29:36.674Z,SELL,UNKNOWN,,110,1,-0.11000799999999998,stop_loss,,true,,,,,
2025-07-18T02:00:53.213Z,SELL,UNKNOWN,,110,1,-0.11000799999999998,stop_loss,,true,,,,,
2025-07-18T02:03:13.715Z,SELL,UNKNOWN,,110,1,-0.11000799999999998,stop_loss,,true,,,,,
2025-07-18T03:23:14.895Z,SELL,UNKNOWN,,110,1,-0.11000799999999998,stop_loss,,true,,,,,
2025-07-20T19:28:18.869Z,SELL,UNKNOWN,,110,1,-0.11000799999999998,stop_loss,,true,,,,,
2025-07-24T20:12:43.014Z,SELL,UNKNOWN,,110,1,-0.11000799999999998,stop_loss,,true,,,,,
1753390665665,UNDEFINED,,,90,1,,undefined,,,,0,0,0,-10
1753390665666,UNDEFINED,,,90,1,,undefined,,,,0,0,0,-10
1753390665666,UNDEFINED,,,90,1,,undefined,,,,0,0,0,-10
1753391116865,UNDEFINED,,,90,1,,undefined,,,,0,0,0,-10
1753391116876,UNDEFINED,,,90,1,,undefined,,,,0,0,0,-10
1753391116877,UNDEFINED,,,90,1,,undefined,,,,0,0,0,-10
1753391116878,UNDEFINED,,,80,1,,undefined,,,,0,0,0,0
1753391300207,UNDEFINED,,,90,1,,undefined,,,,0,0,0,-10
1753391300214,UNDEFINED,,,90,1,,undefined,,,,0,0,0,-10
1753391300214,UNDEFINED,,,90,1,,undefined,,,,0,0,0,-10
1753391300216,UNDEFINED,,,80,1,,undefined,,,,0,0,0,0
1753391932993,UNDEFINED,,,90,1,,undefined,,,,0,0,0,-10
1753391933000,UNDEFINED,,,90,1,,undefined,,,,0,0,0,-10
1753391933001,UNDEFINED,,,90,1,,undefined,,,,0,0,0,-10
1753391933002,UNDEFINED,,,80,1,,undefined,,,,0,0,0,0
1753392079987,UNDEFINED,,,90,1,,undefined,,,,0,0,0,-10
1753392079995,UNDEFINED,,,90,1,,undefined,,,,0,0,0,-10
1753392079996,UNDEFINED,,,90,1,,undefined,,,,0,0,0,-10
1753392079997,UNDEFINED,,,80,1,,undefined,,,,0,0,0,0
2025-07-24T21:21:20.488Z,SELL,UNKNOWN,,110,1,-0.11000799999999998,stop_loss,,true,,,,,
